{
  "xmlId" : "21537",
  "NOAAStudyId" : "23373",
  "studyName" : "Garrison Basin, Gulf of Mexico d18O and Mg/Ca in three multicores, and stacked SST/d18Osw/SSS reconstructions spanning the past 4.4 kyrs",
  "doi" : null,
  "dataPublisher" : "NOAA",
  "contactInfo" : {
    "type" : "CONTACT INFORMATION",
    "shortName" : "DOC/NOAA/NESDIS/NCEI",
    "longName" : "National Centers for Environmental Information, NESDIS, NOAA, U.S. Department of Commerce ",
    "address" : "325 Broadway, E/NE31",
    "city" : "Boulder",
    "state" : "CO",
    "postalCode" : "80305-3328",
    "country" : "USA",
    "dataCenterUrl" : "https://www.ncdc.noaa.gov/data-access/paleoclimatology-data",
    "email" : "paleo@noaa.gov",
    "phone" : "303-497-6280",
    "fax" : "303-497-6513",
    "constraints" : "Please cite original publication, online resource, dataset and publication DOIs (where available), and date accessed when using downloaded data. If there is no publication information, please cite investigator, title, online resource, and date accessed. The appearance of external links associated with a dataset does not constitute endorsement by the Department of Commerce/National Oceanic and Atmospheric Administration of external Web sites or the information, products or services contained therein. For other than authorized activities, the Department of Commerce/NOAA does not exercise any editorial control over the information you may find at these locations. These links are provided consistent with the stated purpose of this Department of Commerce/NOAA Web site."
  },
  "dataType" : "PALEOCEANOGRAPHY",
  "investigators" : "Thirumalai, K.; Quinn, T.M.; Okumura, Y.; Richey, J.N.; Partin, J.W.; Poore, R.Z.; Moreno-Chamarro, E.",
  "version" : "1.0",
  "funding" : [ ],
  "studyNotes" : "Sea-surface temperature, d18Osw, and sea-surface salinity reconstructions from the northern Gulf of Mexico generated from paired Mg/Ca-dٸO measurements in G. ruber (White) from three Garrison Basin sediment cores spanning the last 4,400 years.\r\n      Provided Keywords: Gulf of Mexico, sea-surface temperature, sea-surface salinity, G. ruber, foraminifera, late Holocene",
  "onlineResourceLink" : "https://www.ncdc.noaa.gov/paleo/study/23373",
  "difMetadataLink" : "http://www1.ncdc.noaa.gov/pub/data/metadata/published/paleo/dif/xml/noaa-ocean-23373.xml",
  "originalSource" : null,
  "dataTypeInformation" : "https://www.ncdc.noaa.gov/data-access/paleoclimatology-data/datasets/paleoceanography",
  "studyCode" : null,
  "scienceKeywords" : null,
  "reconstruction" : "Y",
  "contributionDate" : "2018-02-05",
  "entryId" : "noaa-ocean-23373",
  "earliestYearBP" : 4353,
  "mostRecentYearBP" : -49,
  "earliestYearCE" : -2403,
  "mostRecentYearCE" : 1999,
  "publication" : [ {
    "author" : {
      "name" : "Thirumalai, K., T.M. Quinn, Y. Okumura, J.N. Richey, J.W. Partin, R.Z. Poore, and E. Moreno-Chamarro"
    },
    "pubYear" : 2018,
    "title" : "Pronounced centennial-scale Atlantic Ocean climate variability correlated with Western Hemisphere hydroclimate",
    "journal" : "Nature Communications",
    "volume" : "9",
    "edition" : null,
    "issue" : null,
    "pages" : "1-11",
    "reportNumber" : "392",
    "citation" : "Thirumalai, K., T.M. Quinn, Y. Okumura, J.N. Richey, J.W. Partin, R.Z. Poore, and E. Moreno-Chamarro. 2018. Pronounced centennial-scale Atlantic Ocean climate variability correlated with Western Hemisphere hydroclimate. Nature Communications, 9, 392, 1-11. doi:  10.1038/s41467-018-02846-4",
    "type" : "publication",
    "identifier" : {
      "type" : "doi",
      "id" : " 10.1038/s41467-018-02846-4",
      "url" : "http://dx.doi.org/ 10.1038/s41467-018-02846-4"
    },
    "abstract" : "Surface-ocean circulation in the northern Atlantic Ocean influences Northern Hemisphere climate. Century-scale circulation variability in the Atlantic Ocean, however, is poorly con- strained due to insufficiently-resolved paleoceanographic records. Here we present a repli- cated reconstruction of sea-surface temperature and salinity from a site sensitive to North Atlantic circulation in the Gulf of Mexico which reveals pronounced centennial-scale varia- bility over the late Holocene. We find significant correlations on these timescales between salinity changes in the Atlantic, a diagnostic parameter of circulation, and widespread pre- cipitation anomalies using three approaches: multiproxy synthesis, observational datasets, and a transient simulation. Our results demonstrate links between centennial changes in northern Atlantic surface-circulation and hydroclimate changes in the adjacent continents over the late Holocene. Notably, our findings reveal that weakened surface-circulation in the Atlantic Ocean was concomitant with well-documented rainfall anomalies in the Western Hemisphere during the Little Ice Age.",
    "pubRank" : "1"
  } ],
  "site" : [ {
    "NOAASiteId" : "57590",
    "siteName" : "Garrison Basin",
    "mappable" : "Y",
    "locationName" : "Ocean>Atlantic Ocean>North Atlantic Ocean>Gulf Of Mexico",
    "geo" : {
      "geoType" : "Feature",
      "geometry" : {
        "type" : "POINT",
        "coordinates" : [ "26.66", "-93.92" ]
      },
      "properties" : {
        "southernmostLatitude" : "26.66",
        "northernmostLatitude" : "26.66",
        "westernmostLongitude" : "-93.92",
        "easternmostLongitude" : "-93.92",
        "minElevationMeters" : "-1776",
        "maxElevationMeters" : "-1776"
      }
    },
    "paleoData" : [ {
      "dataTableName" : "Garrison Stack Thirumalai2018",
      "NOAADataTableId" : "35136",
      "earliestYear" : -2403,
      "mostRecentYear" : 1999,
      "timeUnit" : "AD",
      "earliestYearBP" : 4353,
      "mostRecentYearBP" : -49,
      "earliestYearCE" : -2403,
      "mostRecentYearCE" : 1999,
      "coreLengthMeters" : 0,
      "dataTableNotes" : "Most recent year is -49 cal yr BP and oldest is 4353 cal yr BP",
      "species" : [ ],
      "dataFile" : [ {
        "fileUrl" : "https://www1.ncdc.noaa.gov/pub/data/paleo/contributions_by_author/thirumalai2018/thirumalai2018-stack.txt",
        "urlDescription" : "NOAA Template File",
        "linkText" : "Garrison Basin Stack SST, SSS, and d18O-sw Data",
        "variables" : [ {
          "cvDataType" : "CLIMATE RECONSTRUCTIONS|PALEOCEANOGRAPHY",
          "cvWhat" : "chemical composition>solution property>salinity",
          "cvMaterial" : "hydrologic material>sea water>sea surface|reconstruction material>element or compound ratio>magnesium/calcium|reconstruction material>isotope ratio>delta 18O",
          "cvError" : "percentile",
          "cvUnit" : "practical salinity unit",
          "cvSeasonality" : "annual",
          "cvDetail" : null,
          "cvMethod" : null,
          "cvAdditionalInfo" : "95th percentile; See Thirumalai et al. 2018 for error details (uncertainty accounts for analytical+sampling+dating uncertainty)",
          "cvFormat" : "Numeric",
          "cvShortName" : null
        }, {
          "cvDataType" : "CLIMATE RECONSTRUCTIONS|PALEOCEANOGRAPHY",
          "cvWhat" : "chemical composition>solution property>salinity",
          "cvMaterial" : "hydrologic material>sea water>sea surface|reconstruction material>element or compound ratio>magnesium/calcium|reconstruction material>isotope ratio>delta 18O",
          "cvError" : "percentile",
          "cvUnit" : "practical salinity unit",
          "cvSeasonality" : "annual",
          "cvDetail" : null,
          "cvMethod" : null,
          "cvAdditionalInfo" : "5th percentile; See Thirumalai et al. 2018 for error details (uncertainty accounts for analytical+sampling+dating uncertainty)",
          "cvFormat" : "Numeric",
          "cvShortName" : null
        }, {
          "cvDataType" : "CLIMATE RECONSTRUCTIONS|PALEOCEANOGRAPHY",
          "cvWhat" : "chemical composition>solution property>salinity",
          "cvMaterial" : "hydrologic material>sea water>sea surface|reconstruction material>element or compound ratio>magnesium/calcium|reconstruction material>isotope ratio>delta 18O",
          "cvError" : "percentile",
          "cvUnit" : "practical salinity unit",
          "cvSeasonality" : "annual",
          "cvDetail" : null,
          "cvMethod" : null,
          "cvAdditionalInfo" : "68th percentile; See Thirumalai et al. 2018 for error details (uncertainty accounts for analytical+sampling+dating uncertainty)",
          "cvFormat" : "Numeric",
          "cvShortName" : null
        }, {
          "cvDataType" : "CLIMATE RECONSTRUCTIONS|PALEOCEANOGRAPHY",
          "cvWhat" : "chemical composition>solution property>salinity",
          "cvMaterial" : "hydrologic material>sea water>sea surface|reconstruction material>element or compound ratio>magnesium/calcium|reconstruction material>isotope ratio>delta 18O",
          "cvError" : "percentile",
          "cvUnit" : "practical salinity unit",
          "cvSeasonality" : "annual",
          "cvDetail" : null,
          "cvMethod" : null,
          "cvAdditionalInfo" : "32nd percentile; See Thirumalai et al. 2018 for error details (uncertainty accounts for analytical+sampling+dating uncertainty)",
          "cvFormat" : "Numeric",
          "cvShortName" : null
        }, {
          "cvDataType" : "CLIMATE RECONSTRUCTIONS|PALEOCEANOGRAPHY",
          "cvWhat" : "chemical composition>solution property>salinity",
          "cvMaterial" : "hydrologic material>sea water>sea surface|reconstruction material>element or compound ratio>magnesium/calcium|reconstruction material>isotope ratio>delta 18O",
          "cvError" : null,
          "cvUnit" : "practical salinity unit",
          "cvSeasonality" : "annual",
          "cvDetail" : null,
          "cvMethod" : null,
          "cvAdditionalInfo" : "See Thirumalai et al. 2018 for inversion equations and details; stacked record; based on Globigerinoides ruber white",
          "cvFormat" : "Numeric",
          "cvShortName" : null
        }, {
          "cvDataType" : "CLIMATE RECONSTRUCTIONS|PALEOCEANOGRAPHY",
          "cvWhat" : "chemical composition>isotope>isotope ratio>delta 18O",
          "cvMaterial" : "hydrologic material>sea water|reconstruction material>element or compound ratio>magnesium/calcium|reconstruction material>isotope ratio>delta 18O",
          "cvError" : "percentile",
          "cvUnit" : "per mil VSMOW",
          "cvSeasonality" : "annual",
          "cvDetail" : null,
          "cvMethod" : null,
          "cvAdditionalInfo" : "95th percentile; See Thirumalai et al. 2018 for error details (uncertainty accounts for analytical+sampling+dating uncertainty)",
          "cvFormat" : "Numeric",
          "cvShortName" : null
        }, {
          "cvDataType" : "CLIMATE RECONSTRUCTIONS|PALEOCEANOGRAPHY",
          "cvWhat" : "chemical composition>isotope>isotope ratio>delta 18O",
          "cvMaterial" : "hydrologic material>sea water|reconstruction material>element or compound ratio>magnesium/calcium|reconstruction material>isotope ratio>delta 18O",
          "cvError" : "percentile",
          "cvUnit" : "per mil VSMOW",
          "cvSeasonality" : "annual",
          "cvDetail" : null,
          "cvMethod" : null,
          "cvAdditionalInfo" : "5th percentile; See Thirumalai et al. 2018 for error details (uncertainty accounts for analytical+sampling+dating uncertainty)",
          "cvFormat" : "Numeric",
          "cvShortName" : null
        }, {
          "cvDataType" : "CLIMATE RECONSTRUCTIONS|PALEOCEANOGRAPHY",
          "cvWhat" : "chemical composition>isotope>isotope ratio>delta 18O",
          "cvMaterial" : "hydrologic material>sea water|reconstruction material>element or compound ratio>magnesium/calcium|reconstruction material>isotope ratio>delta 18O",
          "cvError" : "percentile",
          "cvUnit" : "per mil VSMOW",
          "cvSeasonality" : "annual",
          "cvDetail" : null,
          "cvMethod" : null,
          "cvAdditionalInfo" : "68th percentile; See Thirumalai et al. 2018 for error details (uncertainty accounts for analytical+sampling+dating uncertainty)",
          "cvFormat" : "Numeric",
          "cvShortName" : null
        }, {
          "cvDataType" : "CLIMATE RECONSTRUCTIONS|PALEOCEANOGRAPHY",
          "cvWhat" : "chemical composition>isotope>isotope ratio>delta 18O",
          "cvMaterial" : "hydrologic material>sea water|reconstruction material>element or compound ratio>magnesium/calcium|reconstruction material>isotope ratio>delta 18O",
          "cvError" : "percentile",
          "cvUnit" : "per mil VSMOW",
          "cvSeasonality" : "annual",
          "cvDetail" : null,
          "cvMethod" : null,
          "cvAdditionalInfo" : "32nd percentile; See Thirumalai et al. 2018 for error details (uncertainty accounts for analytical+sampling+dating uncertainty)",
          "cvFormat" : "Numeric",
          "cvShortName" : null
        }, {
          "cvDataType" : "CLIMATE RECONSTRUCTIONS|PALEOCEANOGRAPHY",
          "cvWhat" : "chemical composition>isotope>isotope ratio>delta 18O",
          "cvMaterial" : "hydrologic material>sea water|reconstruction material>element or compound ratio>magnesium/calcium|reconstruction material>isotope ratio>delta 18O",
          "cvError" : null,
          "cvUnit" : "per mil VSMOW",
          "cvSeasonality" : "annual",
          "cvDetail" : null,
          "cvMethod" : null,
          "cvAdditionalInfo" : "See Thirumalai et al. 2018 for inversion equations and details; stacked record; based on Globigerinoides ruber white",
          "cvFormat" : "Numeric",
          "cvShortName" : null
        }, {
          "cvDataType" : "CLIMATE RECONSTRUCTIONS|PALEOCEANOGRAPHY",
          "cvWhat" : "earth system variable>temperature variable>temperature>sea water temperature>sea surface temperature",
          "cvMaterial" : "reconstruction material>element or compound ratio>magnesium/calcium",
          "cvError" : "percentile",
          "cvUnit" : "degree Celsius",
          "cvSeasonality" : "annual",
          "cvDetail" : null,
          "cvMethod" : null,
          "cvAdditionalInfo" : "95th percentile; See Thirumalai et al. 2018 for error details (uncertainty accounts for analytical+sampling+dating uncertainty)",
          "cvFormat" : "Numeric",
          "cvShortName" : null
        }, {
          "cvDataType" : "CLIMATE RECONSTRUCTIONS|PALEOCEANOGRAPHY",
          "cvWhat" : "earth system variable>temperature variable>temperature>sea water temperature>sea surface temperature",
          "cvMaterial" : "reconstruction material>element or compound ratio>magnesium/calcium",
          "cvError" : "percentile",
          "cvUnit" : "degree Celsius",
          "cvSeasonality" : "annual",
          "cvDetail" : null,
          "cvMethod" : null,
          "cvAdditionalInfo" : "5th percentile; See Thirumalai et al. 2018 for error details (uncertainty accounts for analytical+sampling+dating uncertainty)",
          "cvFormat" : "Numeric",
          "cvShortName" : null
        }, {
          "cvDataType" : "CLIMATE RECONSTRUCTIONS|PALEOCEANOGRAPHY",
          "cvWhat" : "earth system variable>temperature variable>temperature>sea water temperature>sea surface temperature",
          "cvMaterial" : "reconstruction material>element or compound ratio>magnesium/calcium",
          "cvError" : "percentile",
          "cvUnit" : "degree Celsius",
          "cvSeasonality" : "annual",
          "cvDetail" : null,
          "cvMethod" : null,
          "cvAdditionalInfo" : "68th percentile; See Thirumalai et al. 2018 for error details (uncertainty accounts for analytical+sampling+dating uncertainty)",
          "cvFormat" : "Numeric",
          "cvShortName" : null
        }, {
          "cvDataType" : "CLIMATE RECONSTRUCTIONS|PALEOCEANOGRAPHY",
          "cvWhat" : "earth system variable>temperature variable>temperature>sea water temperature>sea surface temperature",
          "cvMaterial" : "reconstruction material>element or compound ratio>magnesium/calcium",
          "cvError" : "percentile",
          "cvUnit" : "degree Celsius",
          "cvSeasonality" : "annual",
          "cvDetail" : null,
          "cvMethod" : null,
          "cvAdditionalInfo" : "32nd percentile; See Thirumalai et al. 2018 for error details (uncertainty accounts for analytical+sampling+dating uncertainty)",
          "cvFormat" : "Numeric",
          "cvShortName" : null
        }, {
          "cvDataType" : "CLIMATE RECONSTRUCTIONS|PALEOCEANOGRAPHY",
          "cvWhat" : "earth system variable>temperature variable>temperature>sea water temperature>sea surface temperature",
          "cvMaterial" : "reconstruction material>element or compound ratio>magnesium/calcium",
          "cvError" : null,
          "cvUnit" : "degree Celsius",
          "cvSeasonality" : "annual",
          "cvDetail" : null,
          "cvMethod" : null,
          "cvAdditionalInfo" : "See Thirumalai et al. 2018 for inversion equations and details; stacked record; based on Globigerinoides ruber white",
          "cvFormat" : "Numeric",
          "cvShortName" : null
        }, {
          "cvDataType" : "PALEOCEANOGRAPHY",
          "cvWhat" : "age variable>age",
          "cvMaterial" : null,
          "cvError" : null,
          "cvUnit" : "calendar year before present",
          "cvSeasonality" : null,
          "cvDetail" : null,
          "cvMethod" : null,
          "cvAdditionalInfo" : null,
          "cvFormat" : "Numeric",
          "cvShortName" : null
        } ],
        "NOAAKeywords" : [ "earth science>paleoclimate>paleocean>reconstruction", "earth science>paleoclimate>paleocean>age control" ]
      } ]
    }, {
      "dataTableName" : "2010-GB2-MCC Thirumalai2018",
      "NOAADataTableId" : "35135",
      "earliestYear" : null,
      "mostRecentYear" : null,
      "timeUnit" : null,
      "earliestYearBP" : null,
      "mostRecentYearBP" : null,
      "earliestYearCE" : null,
      "mostRecentYearCE" : null,
      "coreLengthMeters" : 0,
      "dataTableNotes" : null,
      "species" : [ ],
      "dataFile" : [ {
        "fileUrl" : "https://www1.ncdc.noaa.gov/pub/data/paleo/contributions_by_author/thirumalai2018/thirumalai2018-mcc.txt",
        "urlDescription" : "NOAA Template File",
        "linkText" : "2010-GB2-MCC Data",
        "variables" : [ {
          "cvDataType" : "PALEOCEANOGRAPHY",
          "cvWhat" : "chemical composition>isotope>isotope ratio>delta 18O",
          "cvMaterial" : "biological material>organism>foraminifer>planktic foraminifer>Globigerinoides sp.>Globigerinoides ruber>Globigerinoides ruber white",
          "cvError" : null,
          "cvUnit" : "per mil VPDB",
          "cvSeasonality" : null,
          "cvDetail" : null,
          "cvMethod" : "isotope ratio mass spectrometry",
          "cvAdditionalInfo" : null,
          "cvFormat" : "Numeric",
          "cvShortName" : null
        }, {
          "cvDataType" : "PALEOCEANOGRAPHY",
          "cvWhat" : "chemical composition>element or compound ratio>magnesium/calcium",
          "cvMaterial" : "biological material>organism>foraminifer>planktic foraminifer>Globigerinoides sp.>Globigerinoides ruber>Globigerinoides ruber white",
          "cvError" : null,
          "cvUnit" : "millimole per mole",
          "cvSeasonality" : null,
          "cvDetail" : null,
          "cvMethod" : null,
          "cvAdditionalInfo" : null,
          "cvFormat" : "Numeric",
          "cvShortName" : null
        }, {
          "cvDataType" : "PALEOCEANOGRAPHY",
          "cvWhat" : "depth variable>depth",
          "cvMaterial" : null,
          "cvError" : null,
          "cvUnit" : "centimeter",
          "cvSeasonality" : null,
          "cvDetail" : null,
          "cvMethod" : null,
          "cvAdditionalInfo" : "midpoint depth",
          "cvFormat" : "Numeric",
          "cvShortName" : null
        }, {
          "cvDataType" : "PALEOCEANOGRAPHY",
          "cvWhat" : "sampling metadata>sample identification",
          "cvMaterial" : null,
          "cvError" : null,
          "cvUnit" : null,
          "cvSeasonality" : null,
          "cvDetail" : null,
          "cvMethod" : null,
          "cvAdditionalInfo" : "sample ID",
          "cvFormat" : "Character",
          "cvShortName" : null
        }, {
          "cvDataType" : "PALEOCEANOGRAPHY",
          "cvWhat" : "sampling metadata>sample identification",
          "cvMaterial" : null,
          "cvError" : null,
          "cvUnit" : null,
          "cvSeasonality" : null,
          "cvDetail" : null,
          "cvMethod" : null,
          "cvAdditionalInfo" : "core ID",
          "cvFormat" : "Character",
          "cvShortName" : null
        } ],
        "NOAAKeywords" : [ "earth science>paleoclimate>paleocean>oxygen isotopes", "earth science>paleoclimate>paleocean>trace metals in carbonates" ]
      } ]
    }, {
      "dataTableName" : "2010-GB2-MCB Thirumalai2018",
      "NOAADataTableId" : "35134",
      "earliestYear" : null,
      "mostRecentYear" : null,
      "timeUnit" : null,
      "earliestYearBP" : null,
      "mostRecentYearBP" : null,
      "earliestYearCE" : null,
      "mostRecentYearCE" : null,
      "coreLengthMeters" : 0,
      "dataTableNotes" : null,
      "species" : [ ],
      "dataFile" : [ {
        "fileUrl" : "https://www1.ncdc.noaa.gov/pub/data/paleo/contributions_by_author/thirumalai2018/thirumalai2018-mcb.txt",
        "urlDescription" : "NOAA Template File",
        "linkText" : "2010-GB2-MCB Data",
        "variables" : [ {
          "cvDataType" : "PALEOCEANOGRAPHY",
          "cvWhat" : "chemical composition>isotope>isotope ratio>delta 18O",
          "cvMaterial" : "biological material>organism>foraminifer>planktic foraminifer>Globigerinoides sp.>Globigerinoides ruber>Globigerinoides ruber white",
          "cvError" : null,
          "cvUnit" : "per mil VPDB",
          "cvSeasonality" : null,
          "cvDetail" : null,
          "cvMethod" : "isotope ratio mass spectrometry",
          "cvAdditionalInfo" : null,
          "cvFormat" : "Numeric",
          "cvShortName" : null
        }, {
          "cvDataType" : "PALEOCEANOGRAPHY",
          "cvWhat" : "chemical composition>element or compound ratio>magnesium/calcium",
          "cvMaterial" : "biological material>organism>foraminifer>planktic foraminifer>Globigerinoides sp.>Globigerinoides ruber>Globigerinoides ruber white",
          "cvError" : null,
          "cvUnit" : "millimole per mole",
          "cvSeasonality" : null,
          "cvDetail" : null,
          "cvMethod" : null,
          "cvAdditionalInfo" : null,
          "cvFormat" : "Numeric",
          "cvShortName" : null
        }, {
          "cvDataType" : "PALEOCEANOGRAPHY",
          "cvWhat" : "depth variable>depth",
          "cvMaterial" : null,
          "cvError" : null,
          "cvUnit" : "centimeter",
          "cvSeasonality" : null,
          "cvDetail" : null,
          "cvMethod" : null,
          "cvAdditionalInfo" : "midpoint depth",
          "cvFormat" : "Numeric",
          "cvShortName" : null
        }, {
          "cvDataType" : "PALEOCEANOGRAPHY",
          "cvWhat" : "sampling metadata>sample identification",
          "cvMaterial" : null,
          "cvError" : null,
          "cvUnit" : null,
          "cvSeasonality" : null,
          "cvDetail" : null,
          "cvMethod" : null,
          "cvAdditionalInfo" : "sample ID",
          "cvFormat" : "Character",
          "cvShortName" : null
        }, {
          "cvDataType" : "PALEOCEANOGRAPHY",
          "cvWhat" : "sampling metadata>sample identification",
          "cvMaterial" : null,
          "cvError" : null,
          "cvUnit" : null,
          "cvSeasonality" : null,
          "cvDetail" : null,
          "cvMethod" : null,
          "cvAdditionalInfo" : "core ID",
          "cvFormat" : "Character",
          "cvShortName" : null
        } ],
        "NOAAKeywords" : [ "earth science>paleoclimate>paleocean>oxygen isotopes", "earth science>paleoclimate>paleocean>trace metals in carbonates" ]
      }, {
        "fileUrl" : "https://www1.ncdc.noaa.gov/pub/data/paleo/contributions_by_author/thirumalai2018/thirumalai2018-mcb.txt",
        "urlDescription" : "NOAA Template File",
        "linkText" : "2010-GB2-MCA Data",
        "variables" : [ {
          "cvDataType" : "PALEOCEANOGRAPHY",
          "cvWhat" : "chemical composition>isotope>isotope ratio>delta 18O",
          "cvMaterial" : "biological material>organism>foraminifer>planktic foraminifer>Globigerinoides sp.>Globigerinoides ruber>Globigerinoides ruber white",
          "cvError" : null,
          "cvUnit" : "per mil VPDB",
          "cvSeasonality" : null,
          "cvDetail" : null,
          "cvMethod" : "isotope ratio mass spectrometry",
          "cvAdditionalInfo" : null,
          "cvFormat" : "Numeric",
          "cvShortName" : null
        }, {
          "cvDataType" : "PALEOCEANOGRAPHY",
          "cvWhat" : "chemical composition>element or compound ratio>magnesium/calcium",
          "cvMaterial" : "biological material>organism>foraminifer>planktic foraminifer>Globigerinoides sp.>Globigerinoides ruber>Globigerinoides ruber white",
          "cvError" : null,
          "cvUnit" : "millimole per mole",
          "cvSeasonality" : null,
          "cvDetail" : null,
          "cvMethod" : null,
          "cvAdditionalInfo" : null,
          "cvFormat" : "Numeric",
          "cvShortName" : null
        }, {
          "cvDataType" : "PALEOCEANOGRAPHY",
          "cvWhat" : "depth variable>depth",
          "cvMaterial" : null,
          "cvError" : null,
          "cvUnit" : "centimeter",
          "cvSeasonality" : null,
          "cvDetail" : null,
          "cvMethod" : null,
          "cvAdditionalInfo" : "midpoint depth",
          "cvFormat" : "Numeric",
          "cvShortName" : null
        }, {
          "cvDataType" : "PALEOCEANOGRAPHY",
          "cvWhat" : "sampling metadata>sample identification",
          "cvMaterial" : null,
          "cvError" : null,
          "cvUnit" : null,
          "cvSeasonality" : null,
          "cvDetail" : null,
          "cvMethod" : null,
          "cvAdditionalInfo" : "sample ID",
          "cvFormat" : "Character",
          "cvShortName" : null
        }, {
          "cvDataType" : "PALEOCEANOGRAPHY",
          "cvWhat" : "sampling metadata>sample identification",
          "cvMaterial" : null,
          "cvError" : null,
          "cvUnit" : null,
          "cvSeasonality" : null,
          "cvDetail" : null,
          "cvMethod" : null,
          "cvAdditionalInfo" : "core ID",
          "cvFormat" : "Character",
          "cvShortName" : null
        } ],
        "NOAAKeywords" : [ "earth science>paleoclimate>paleocean>oxygen isotopes", "earth science>paleoclimate>paleocean>trace metals in carbonates" ]
      } ]
    }, {
      "dataTableName" : "2010-GB2-MCA Thirumalai2018",
      "NOAADataTableId" : "35133",
      "earliestYear" : null,
      "mostRecentYear" : null,
      "timeUnit" : null,
      "earliestYearBP" : null,
      "mostRecentYearBP" : null,
      "earliestYearCE" : null,
      "mostRecentYearCE" : null,
      "coreLengthMeters" : 0,
      "dataTableNotes" : null,
      "species" : [ ],
      "dataFile" : [ {
        "fileUrl" : "https://www1.ncdc.noaa.gov/pub/data/paleo/contributions_by_author/thirumalai2018/thirumalai2018-mca.txt",
        "urlDescription" : "NOAA Template File",
        "linkText" : "2010-GB2-MCB Data",
        "variables" : [ {
          "cvDataType" : "PALEOCEANOGRAPHY",
          "cvWhat" : "chemical composition>isotope>isotope ratio>delta 18O",
          "cvMaterial" : "biological material>organism>foraminifer>planktic foraminifer>Globigerinoides sp.>Globigerinoides ruber>Globigerinoides ruber white",
          "cvError" : null,
          "cvUnit" : "per mil VPDB",
          "cvSeasonality" : null,
          "cvDetail" : null,
          "cvMethod" : "isotope ratio mass spectrometry",
          "cvAdditionalInfo" : null,
          "cvFormat" : "Numeric",
          "cvShortName" : null
        }, {
          "cvDataType" : "PALEOCEANOGRAPHY",
          "cvWhat" : "chemical composition>element or compound ratio>magnesium/calcium",
          "cvMaterial" : "biological material>organism>foraminifer>planktic foraminifer>Globigerinoides sp.>Globigerinoides ruber>Globigerinoides ruber white",
          "cvError" : null,
          "cvUnit" : "millimole per mole",
          "cvSeasonality" : null,
          "cvDetail" : null,
          "cvMethod" : null,
          "cvAdditionalInfo" : null,
          "cvFormat" : "Numeric",
          "cvShortName" : null
        }, {
          "cvDataType" : "PALEOCEANOGRAPHY",
          "cvWhat" : "depth variable>depth",
          "cvMaterial" : null,
          "cvError" : null,
          "cvUnit" : "centimeter",
          "cvSeasonality" : null,
          "cvDetail" : null,
          "cvMethod" : null,
          "cvAdditionalInfo" : "midpoint depth",
          "cvFormat" : "Numeric",
          "cvShortName" : null
        }, {
          "cvDataType" : "PALEOCEANOGRAPHY",
          "cvWhat" : "sampling metadata>sample identification",
          "cvMaterial" : null,
          "cvError" : null,
          "cvUnit" : null,
          "cvSeasonality" : null,
          "cvDetail" : null,
          "cvMethod" : null,
          "cvAdditionalInfo" : "sample ID",
          "cvFormat" : "Character",
          "cvShortName" : null
        }, {
          "cvDataType" : "PALEOCEANOGRAPHY",
          "cvWhat" : "sampling metadata>sample identification",
          "cvMaterial" : null,
          "cvError" : null,
          "cvUnit" : null,
          "cvSeasonality" : null,
          "cvDetail" : null,
          "cvMethod" : null,
          "cvAdditionalInfo" : "core ID",
          "cvFormat" : "Character",
          "cvShortName" : null
        } ],
        "NOAAKeywords" : [ "earth science>paleoclimate>paleocean>trace metals in carbonates", "earth science>paleoclimate>paleocean>oxygen isotopes" ]
      }, {
        "fileUrl" : "https://www1.ncdc.noaa.gov/pub/data/paleo/contributions_by_author/thirumalai2018/thirumalai2018-mca.txt",
        "urlDescription" : "NOAA Template File",
        "linkText" : "2010-GB2-MCA Data",
        "variables" : [ {
          "cvDataType" : "PALEOCEANOGRAPHY",
          "cvWhat" : "chemical composition>isotope>isotope ratio>delta 18O",
          "cvMaterial" : "biological material>organism>foraminifer>planktic foraminifer>Globigerinoides sp.>Globigerinoides ruber>Globigerinoides ruber white",
          "cvError" : null,
          "cvUnit" : "per mil VPDB",
          "cvSeasonality" : null,
          "cvDetail" : null,
          "cvMethod" : "isotope ratio mass spectrometry",
          "cvAdditionalInfo" : null,
          "cvFormat" : "Numeric",
          "cvShortName" : null
        }, {
          "cvDataType" : "PALEOCEANOGRAPHY",
          "cvWhat" : "chemical composition>element or compound ratio>magnesium/calcium",
          "cvMaterial" : "biological material>organism>foraminifer>planktic foraminifer>Globigerinoides sp.>Globigerinoides ruber>Globigerinoides ruber white",
          "cvError" : null,
          "cvUnit" : "millimole per mole",
          "cvSeasonality" : null,
          "cvDetail" : null,
          "cvMethod" : null,
          "cvAdditionalInfo" : null,
          "cvFormat" : "Numeric",
          "cvShortName" : null
        }, {
          "cvDataType" : "PALEOCEANOGRAPHY",
          "cvWhat" : "depth variable>depth",
          "cvMaterial" : null,
          "cvError" : null,
          "cvUnit" : "centimeter",
          "cvSeasonality" : null,
          "cvDetail" : null,
          "cvMethod" : null,
          "cvAdditionalInfo" : "midpoint depth",
          "cvFormat" : "Numeric",
          "cvShortName" : null
        }, {
          "cvDataType" : "PALEOCEANOGRAPHY",
          "cvWhat" : "sampling metadata>sample identification",
          "cvMaterial" : null,
          "cvError" : null,
          "cvUnit" : null,
          "cvSeasonality" : null,
          "cvDetail" : null,
          "cvMethod" : null,
          "cvAdditionalInfo" : "sample ID",
          "cvFormat" : "Character",
          "cvShortName" : null
        }, {
          "cvDataType" : "PALEOCEANOGRAPHY",
          "cvWhat" : "sampling metadata>sample identification",
          "cvMaterial" : null,
          "cvError" : null,
          "cvUnit" : null,
          "cvSeasonality" : null,
          "cvDetail" : null,
          "cvMethod" : null,
          "cvAdditionalInfo" : "core ID",
          "cvFormat" : "Character",
          "cvShortName" : null
        } ],
        "NOAAKeywords" : [ "earth science>paleoclimate>paleocean>trace metals in carbonates", "earth science>paleoclimate>paleocean>oxygen isotopes" ]
      } ]
    } ]
  } ]
}