{
  "xmlId" : "13945",
  "NOAAStudyId" : "16217",
  "studyName" : "Dry Tortugas National Park Coral Sr/Ca data for 1734 to 2008",
  "doi" : null,
  "dataPublisher" : "NOAA",
  "contactInfo" : {
    "type" : "CONTACT INFORMATION",
    "shortName" : "DOC/NOAA/NESDIS/NCEI",
    "longName" : "National Centers for Environmental Information, NESDIS, NOAA, U.S. Department of Commerce ",
    "address" : "325 Broadway, E/NE31",
    "city" : "Boulder",
    "state" : "CO",
    "postalCode" : "80305-3328",
    "country" : "USA",
    "dataCenterUrl" : "https://www.ncdc.noaa.gov/data-access/paleoclimatology-data",
    "email" : "paleo@noaa.gov",
    "phone" : "303-497-6280",
    "fax" : "303-497-6513",
    "constraints" : "Please cite original publication, online resource, dataset and publication DOIs (where available), and date accessed when using downloaded data. If there is no publication information, please cite investigator, title, online resource, and date accessed. The appearance of external links associated with a dataset does not constitute endorsement by the Department of Commerce/National Oceanic and Atmospheric Administration of external Web sites or the information, products or services contained therein. For other than authorized activities, the Department of Commerce/NOAA does not exercise any editorial control over the information you may find at these locations. These links are provided consistent with the stated purpose of this Department of Commerce/NOAA Web site."
  },
  "dataType" : "CORALS AND SCLEROSPONGES",
  "investigators" : "DeLong, K.L.; Flannery, J.A.; Poore, R.Z.; Quinn, T.M.; Maupin, C.R.; Lin, K.; Shen, C.-C.",
  "version" : "1.0",
  "funding" : [ ],
  "studyNotes" : "The data set contains the ratio of strontium-to-calcium (Sr/Ca) for three Atlantic coral colonies (Siderastrea siderea) from the Dry Tortugas National \r\nPark (centered on 24.7°N, 82.8°W) in the Gulf of Mexico that were cross-dated into one continuous chronology. Two cores (08PS-A2 and 08PS-F1) had dead \r\ntops thus unknown ages and these cores were uranium-thorium (U-Th) dated. Samples for geochemical analysis were extracted from each slab surface using \r\na computer-driven tri-axial micromill system [Quinn et al., 1996] with a 1.0 mm diameter dental drill bit that moves in a continuous manner for the user \r\ndefined sampling increment (Table A1 in DeLong et al., 2014) extracting approximately monthly samples with a 1 mm sampling depth. Sampling paths were selected \r\nparallel to the extending corallites along the synapticulothecal corallite wall; the optimal sampling location for this species [Maupin et al., 2008; \r\nDeLong et al., 2011]. Multiple paths were sampled to assess intracolony variability.\r\n\r\nCoral Sr/Ca determinations were made using a PerkinElmer 4300 Inductively Coupled Plasma Optical Emission Spectrometer (ICP-OES) at the University of Texas (UT) \r\nat Austin and a PerkinElmer 7300 ICP-OES at the USGS Coastal and Marine Science Center in St. Petersburg, FL. A laboratory internal gravimetrical standard (IGS) \r\nwas measured before and after each dissolved coral sample to correct for instrumental drift. The average drift corrected IGS precision for Sr/Ca was \r\n0.025 mmol mol–1 (2s, n = 862; UT) and 0.024 mmol mol–1 (2s, n = 212; USGS). The average drift corrected precision for Sr/Ca of a coral standard (PL) was \r\n0.030 mmol mol–1 (2s, n = 1194; UT) and 0.039 mmol mol–1 (2s, n = 286; USGS). The values determined for these standards at both laboratories are consistent \r\nwithin analytical error. The coeval paths were averaged together to produce mean Sr/Ca variations for each core. The core records were averaged into a master \r\nchronology using the cross-dated and U-Th dates for chronology control and the standard error of the mean for each month was determined for assigning weights \r\nin linear regression.\r\n\r\nThe master coral Sr/Ca variations were calibrated using weighted least squares linear regression with local sea surface temperature (SST) records from NOAA \r\nNational Data Buoy Center (NDBC; www.ndbc.noaa.gov) DRYF1 and PLSF1, and then verified with NDBC buoy SANF1, NOAA Surface Air temperature from Key West, FL and \r\nSST from historical records from the Dry Tortugas Lighthouse.\r\n\r\nThe dataset contains two spreadsheets, one labeled \"Data colonies calibration\" and the other \"Data master reconstruction.\" The “Data colonies calibration” dataset \r\ncontains the coral Sr/Ca variations assigned to monthly intervals from four cores sampled in this study (08PS-A1, 08PS-A2, 08PS-F1, and 93DRYSS2). The master \r\nchronology is the average of the three colonies (08PS-A, 08PS-F1, and 93DRYSS2) and the colony 08PS-A is the average of the two cores from that colony \r\n(08PS-A1 and 08PS-A2). Each core record is comprised of the average between paths in that core. The coral Sr/Ca (mmol/mol) for each core with the number of \r\nsamples for that core and standard error of the mean for each month are given in this dataset. Additionally, the SST data used for calibration and verification \r\nare given with their respective errors for weighted least squares regression. The SST data includes Monthly mean SST from NDBC (www.ndbc.noaa.gov) buoys DRYF1 \r\nand PLSF1 (collectively referred to as DRTO SST) and SANF1; Monthly mean Surface Air Temperature (ºC) from Key West (COOPID 84570) US Historical Climatology \r\nNetwork, and Dry Tortugas Lighthouse Monthly mean SST (ºC) from Vaughan 1918. These are the results shown in Figures 3 and 4 in DeLong et al., 2014.\r\n\r\nThe \"Data master reconstruction\" dataset contains the master chronology coral Sr/Ca variations assigned to monthly intervals with the reconstructed SST, SST \r\nanomalies (SSTA; determined as mean monthly SST with respect to the interval from 1971-2000), mean annual SST, summer maximum SST, winter minimum SST, and \r\nerror of regression for each month based on the number of colonies sampled for that month (Table 5 in DeLong et al., 2014). Additionally, the 7-month and \r\n36-month filtered SSTA with their respectively error of regressions are given. These are the results shown in Figures 4 and 5 in DeLong et al., 2014.\r\n\r\nThe \"Extensions\" dataset contains the annual linear extensions for each core determined from the coral Sr/Ca variations from each February-to-February. \r\nFor cores with multiple paths, these are the average extensions between the paths from that core. These are the results shown in Figures 3d and Appendices \r\nin DeLong et al., 2014.\r\n\r\nThis coral Sr/Ca record updates the previous NOAA contribution, https://www.ncdc.noaa.gov/cdo/f?p=519:1:::::P1_STUDY_ID:11935, for cores 08PS-F1 and 08PS-A1.\r\n ",
  "onlineResourceLink" : "https://www.ncdc.noaa.gov/paleo/study/16217",
  "difMetadataLink" : "http://www1.ncdc.noaa.gov/pub/data/metadata/published/paleo/dif/xml/noaa-coral-16217.xml",
  "originalSource" : null,
  "dataTypeInformation" : "https://www.ncdc.noaa.gov/data-access/paleoclimatology-data/datasets/coral-sclerosponge",
  "studyCode" : null,
  "scienceKeywords" : null,
  "reconstruction" : "Y",
  "contributionDate" : "2014-04-02",
  "entryId" : "noaa-coral-16217",
  "earliestYearBP" : 217,
  "mostRecentYearBP" : -58,
  "earliestYearCE" : 1733,
  "mostRecentYearCE" : 2008,
  "publication" : [ {
    "author" : {
      "name" : "DeLong, K.L., J. Flannery, R.Z. Poore, T.M. Quinn, C.R. Maupin, K. Lin, and C.-C. Shen"
    },
    "pubYear" : 2014,
    "title" : "A reconstruction of sea surface temperature variability in the southeastern Gulf of Mexico from 1734-2008 CE using cross-dated Sr/Ca records from the coral Siderastrea siderea",
    "journal" : "Paleoceanography",
    "volume" : null,
    "edition" : null,
    "issue" : null,
    "pages" : null,
    "reportNumber" : null,
    "citation" : "DeLong, K.L., J. Flannery, R.Z. Poore, T.M. Quinn, C.R. Maupin, K. Lin, and C.-C. Shen. 2014. A reconstruction of sea surface temperature variability in the southeastern Gulf of Mexico from 1734-2008 CE using cross-dated Sr/Ca records from the coral Siderastrea siderea. Paleoceanography. . doi: 10.1002/2013PA002524",
    "type" : "publication",
    "identifier" : {
      "type" : "doi",
      "id" : "10.1002/2013PA002524",
      "url" : "http://dx.doi.org/10.1002/2013PA002524"
    },
    "abstract" : "This study uses skeletal variations in coral Sr/Ca from three Siderastrea siderea coral colonies within the Dry Tortugas National Park in the southeastern Gulf of Mexico (24º42'N, 82º48'W) to reconstruct monthly sea surface temperature (SST) variations from 1734-2008 CE. Calibration and verification of the replicated coral Sr/Ca-SST reconstruction with local, regional, and historical temperature records reveals this proxy-temperature relationship is stable back to 1879 CE. The coral SST reconstruction contains robust interannual (~2.0ºC) and multidecadal variability (~1.5ºC) for the past 274 years, the latter of which does not covary with the Atlantic Multidecadal Oscillation (AMO). Winter SST extremes are more variable than summer SST extremes (±2.2ºC vs. ±1.6ºC, 2Ïƒ) suggesting that Loop Current transport in the winter dominates variability on interannual and longer time scales. Summer SST maxima are increasing (+1.0ºC for 274 years, ÏƒMC = ±0.5 ºC, 2Ïƒ) whereas winter SST minima contain no significant trend. Colder decades (~1.5ºC) during the Little Ice Age (LIA) do not coincide with decades of sunspot minima. The coral SST reconstruction contains similar variability to temperature reconstructions from the northern Gulf of Mexico (planktic foraminifer Mg/Ca) and the Caribbean Sea (coral Sr/Ca) suggesting areal reductions in the Western Hemisphere Warm Pool (WHWP) during the LIA. Mean summer coral SST extremes post-1985 CE (29.9ÂºC) exceeds the long-term summer average (29.2ÂºC for 1734-2008 CE) yet the warming trend after 1985 CE (0.04ºC for 24 years, ÏƒMC = ±0.5, 2Ïƒ) is not significant whereas Caribbean coral Sr/Ca studies contain a warming trend for this interval.",
    "pubRank" : "1"
  } ],
  "site" : [ {
    "NOAASiteId" : "55850",
    "siteName" : "Sand Key, FL",
    "mappable" : "Y",
    "locationName" : "Ocean>Atlantic Ocean>North Atlantic Ocean>Gulf Of Mexico",
    "geo" : {
      "geoType" : "Feature",
      "geometry" : {
        "type" : "POINT",
        "coordinates" : [ "24.454", "-81.877" ]
      },
      "properties" : {
        "southernmostLatitude" : "24.454",
        "northernmostLatitude" : "24.454",
        "westernmostLongitude" : "-81.877",
        "easternmostLongitude" : "-81.877",
        "minElevationMeters" : "-4",
        "maxElevationMeters" : "-4"
      }
    },
    "paleoData" : [ {
      "dataTableName" : "SANF1 SST D14",
      "NOAADataTableId" : "26442",
      "earliestYear" : 1991,
      "mostRecentYear" : 2005,
      "timeUnit" : "AD",
      "earliestYearBP" : -41,
      "mostRecentYearBP" : -55,
      "earliestYearCE" : 1991,
      "mostRecentYearCE" : 2005,
      "coreLengthMeters" : null,
      "dataTableNotes" : "Monthly mean SST from NDBC www.ndbc.noaa.gov. Bouy: SANF1 24.454 N 81.877 W",
      "species" : [ ],
      "dataFile" : [ {
        "fileUrl" : "https://www1.ncdc.noaa.gov/pub/data/paleo/coral/atlantic/delong2014/delong2014-tortugas.xlsx",
        "urlDescription" : "Originally Contributed Excel File",
        "linkText" : "All Dry Tortugas Data",
        "variables" : [ ],
        "NOAAKeywords" : [ "earth science>paleoclimate>corals and sclerosponges>physical properties" ]
      }, {
        "fileUrl" : "https://www1.ncdc.noaa.gov/pub/data/paleo/coral/atlantic/delong2014/delong2014-san-sst.txt",
        "urlDescription" : "Formatted Text File",
        "linkText" : "Sand Key Buoy SST Data",
        "variables" : [ {
          "cvDataType" : "INSTRUMENTAL",
          "cvWhat" : "earth system variable>temperature variable>temperature>sea water temperature>sea surface temperature",
          "cvMaterial" : null,
          "cvError" : "one standard error",
          "cvUnit" : "degree Celsius",
          "cvSeasonality" : null,
          "cvDetail" : null,
          "cvMethod" : null,
          "cvAdditionalInfo" : "in situ data logger",
          "cvFormat" : "Numeric",
          "cvShortName" : null
        }, {
          "cvDataType" : "INSTRUMENTAL",
          "cvWhat" : "earth system variable>temperature variable>temperature>sea water temperature>sea surface temperature",
          "cvMaterial" : null,
          "cvError" : null,
          "cvUnit" : "degree Celsius",
          "cvSeasonality" : null,
          "cvDetail" : null,
          "cvMethod" : null,
          "cvAdditionalInfo" : "in situ data logger",
          "cvFormat" : "Numeric",
          "cvShortName" : null
        }, {
          "cvDataType" : "CORALS AND SCLEROSPONGES",
          "cvWhat" : "age variable>age",
          "cvMaterial" : null,
          "cvError" : null,
          "cvUnit" : "year Common Era",
          "cvSeasonality" : null,
          "cvDetail" : null,
          "cvMethod" : null,
          "cvAdditionalInfo" : null,
          "cvFormat" : "Numeric",
          "cvShortName" : null
        } ],
        "NOAAKeywords" : [ "earth science>paleoclimate>corals and sclerosponges>physical properties" ]
      } ]
    } ]
  }, {
    "NOAASiteId" : "55849",
    "siteName" : "Key West Int'l Airport",
    "mappable" : "Y",
    "locationName" : "Continent>North America>United States Of America>Florida",
    "geo" : {
      "geoType" : "Feature",
      "geometry" : {
        "type" : "POINT",
        "coordinates" : [ "24.55", "-81.75" ]
      },
      "properties" : {
        "southernmostLatitude" : "24.55",
        "northernmostLatitude" : "24.55",
        "westernmostLongitude" : "-81.75",
        "easternmostLongitude" : "-81.75",
        "minElevationMeters" : "-4",
        "maxElevationMeters" : "-4"
      }
    },
    "paleoData" : [ {
      "dataTableName" : "Key West Temp D14",
      "NOAADataTableId" : "26443",
      "earliestYear" : 1895,
      "mostRecentYear" : 2008,
      "timeUnit" : "AD",
      "earliestYearBP" : 55,
      "mostRecentYearBP" : -58,
      "earliestYearCE" : 1895,
      "mostRecentYearCE" : 2008,
      "coreLengthMeters" : null,
      "dataTableNotes" : "Data from the US Historical Climatology Network: Key West Int'l Airport (COOPID 84570).",
      "species" : [ ],
      "dataFile" : [ {
        "fileUrl" : "https://www1.ncdc.noaa.gov/pub/data/paleo/coral/atlantic/delong2014/delong2014-tortugas.xlsx",
        "urlDescription" : "Originally Contributed Excel File",
        "linkText" : "All Dry Tortugas Data",
        "variables" : [ ],
        "NOAAKeywords" : [ "earth science>paleoclimate>corals and sclerosponges>physical properties" ]
      }, {
        "fileUrl" : "https://www1.ncdc.noaa.gov/pub/data/paleo/coral/atlantic/delong2014/delong2014-keyw-temp.txt",
        "urlDescription" : "Formatted Text File",
        "linkText" : "Key West Int'l Airport Air Temp Data",
        "variables" : [ {
          "cvDataType" : "INSTRUMENTAL",
          "cvWhat" : "earth system variable>temperature variable>temperature>sea water temperature>sea surface temperature",
          "cvMaterial" : null,
          "cvError" : null,
          "cvUnit" : "degree Celsius",
          "cvSeasonality" : null,
          "cvDetail" : null,
          "cvMethod" : null,
          "cvAdditionalInfo" : "in situ data logger",
          "cvFormat" : "Numeric",
          "cvShortName" : null
        }, {
          "cvDataType" : "INSTRUMENTAL",
          "cvWhat" : "sampling metadata>collection date",
          "cvMaterial" : null,
          "cvError" : null,
          "cvUnit" : "year Common Era",
          "cvSeasonality" : null,
          "cvDetail" : null,
          "cvMethod" : null,
          "cvAdditionalInfo" : null,
          "cvFormat" : "Numeric",
          "cvShortName" : null
        } ],
        "NOAAKeywords" : [ "earth science>paleoclimate>corals and sclerosponges>physical properties" ]
      } ]
    } ]
  }, {
    "NOAASiteId" : "55848",
    "siteName" : "Dry Tortugas National Park",
    "mappable" : "Y",
    "locationName" : "Ocean>Atlantic Ocean>North Atlantic Ocean>Gulf Of Mexico",
    "geo" : {
      "geoType" : "Feature",
      "geometry" : {
        "type" : "POINT",
        "coordinates" : [ "24.7", "-82.8" ]
      },
      "properties" : {
        "southernmostLatitude" : "24.7",
        "northernmostLatitude" : "24.7",
        "westernmostLongitude" : "-82.8",
        "easternmostLongitude" : "-82.8",
        "minElevationMeters" : "-4",
        "maxElevationMeters" : "-4"
      }
    },
    "paleoData" : [ {
      "dataTableName" : "Tortugas SST D14",
      "NOAADataTableId" : "26669",
      "earliestYear" : 1734,
      "mostRecentYear" : 2008,
      "timeUnit" : "AD",
      "earliestYearBP" : 216,
      "mostRecentYearBP" : -58,
      "earliestYearCE" : 1734,
      "mostRecentYearCE" : 2008,
      "coreLengthMeters" : null,
      "dataTableNotes" : "Dry Tortugas Master SST reconstruction, which is an average of all colonies; 08PS-A, 08PS-F1, and 93DRYSS2.\r\n",
      "species" : [ ],
      "dataFile" : [ {
        "fileUrl" : "https://www1.ncdc.noaa.gov/pub/data/paleo/coral/atlantic/delong2014/delong2014-tortugas.xlsx",
        "urlDescription" : "Originally Contributed Excel File",
        "linkText" : "All Dry Tortugas Data",
        "variables" : [ ],
        "NOAAKeywords" : [ "earth science>paleoclimate>corals and sclerosponges>physical properties" ]
      }, {
        "fileUrl" : "https://www1.ncdc.noaa.gov/pub/data/paleo/coral/atlantic/delong2014/delong2014-masterSST.txt",
        "urlDescription" : "Formatted Text File",
        "linkText" : "Master SST Reconstruction Data",
        "variables" : [ {
          "cvDataType" : "CLIMATE RECONSTRUCTIONS|CORALS AND SCLEROSPONGES",
          "cvWhat" : "age variable>age",
          "cvMaterial" : null,
          "cvError" : null,
          "cvUnit" : "year Common Era",
          "cvSeasonality" : null,
          "cvDetail" : null,
          "cvMethod" : null,
          "cvAdditionalInfo" : null,
          "cvFormat" : "Numeric",
          "cvShortName" : null
        }, {
          "cvDataType" : "CLIMATE RECONSTRUCTIONS|CORALS AND SCLEROSPONGES",
          "cvWhat" : "earth system variable>temperature variable>temperature>sea water temperature>sea surface temperature",
          "cvMaterial" : "reconstruction material>element or compound ratio>strontium/calcium",
          "cvError" : "one standard deviation",
          "cvUnit" : "degree Celsius",
          "cvSeasonality" : "monthly",
          "cvDetail" : "anomalized|filtered",
          "cvMethod" : null,
          "cvAdditionalInfo" : "\"anomalized to 1971-2000 AD, filtered using a 7 month low pass finite impulse response\"",
          "cvFormat" : "Numeric",
          "cvShortName" : null
        }, {
          "cvDataType" : "CLIMATE RECONSTRUCTIONS|CORALS AND SCLEROSPONGES",
          "cvWhat" : "earth system variable>temperature variable>temperature>sea water temperature>sea surface temperature",
          "cvMaterial" : "reconstruction material>element or compound ratio>strontium/calcium",
          "cvError" : null,
          "cvUnit" : "degree Celsius",
          "cvSeasonality" : "monthly",
          "cvDetail" : "anomalized|filtered",
          "cvMethod" : null,
          "cvAdditionalInfo" : "\"anomalized to 1971-2000 AD, filtered using a 7 month low pass finite impulse response\"",
          "cvFormat" : "Numeric",
          "cvShortName" : null
        }, {
          "cvDataType" : "CLIMATE RECONSTRUCTIONS|CORALS AND SCLEROSPONGES",
          "cvWhat" : "earth system variable>temperature variable>temperature>sea water temperature>sea surface temperature",
          "cvMaterial" : "reconstruction material>element or compound ratio>strontium/calcium",
          "cvError" : null,
          "cvUnit" : "degree Celsius",
          "cvSeasonality" : "monthly",
          "cvDetail" : "filtered",
          "cvMethod" : null,
          "cvAdditionalInfo" : "filtered using a 7 month low pass finite impulse response",
          "cvFormat" : "Numeric",
          "cvShortName" : null
        }, {
          "cvDataType" : "CLIMATE RECONSTRUCTIONS|CORALS AND SCLEROSPONGES",
          "cvWhat" : "earth system variable>temperature variable>temperature>sea water temperature>sea surface temperature",
          "cvMaterial" : "reconstruction material>element or compound ratio>strontium/calcium",
          "cvError" : null,
          "cvUnit" : "degree Celsius",
          "cvSeasonality" : "monthly",
          "cvDetail" : "anomalized",
          "cvMethod" : null,
          "cvAdditionalInfo" : "anomalized to 1971-2000 AD",
          "cvFormat" : "Numeric",
          "cvShortName" : null
        }, {
          "cvDataType" : "CLIMATE RECONSTRUCTIONS|CORALS AND SCLEROSPONGES",
          "cvWhat" : "earth system variable>temperature variable>temperature>sea water temperature>sea surface temperature",
          "cvMaterial" : "reconstruction material>element or compound ratio>strontium/calcium",
          "cvError" : null,
          "cvUnit" : "degree Celsius",
          "cvSeasonality" : "monthly",
          "cvDetail" : null,
          "cvMethod" : null,
          "cvAdditionalInfo" : null,
          "cvFormat" : "Numeric",
          "cvShortName" : null
        } ],
        "NOAAKeywords" : [ "earth science>paleoclimate>corals and sclerosponges>physical properties" ]
      } ]
    }, {
      "dataTableName" : "Tortugas Lighthouse SST D14",
      "NOAADataTableId" : "26444",
      "earliestYear" : 1879,
      "mostRecentYear" : 1907,
      "timeUnit" : "AD",
      "earliestYearBP" : 71,
      "mostRecentYearBP" : 43,
      "earliestYearCE" : 1879,
      "mostRecentYearCE" : 1907,
      "coreLengthMeters" : null,
      "dataTableNotes" : "Historical SST data recorded daily by the lighthouse keeper stationed on Loggerhead Key in the Dry Tortugas originally given as 10-day averages in the report of Vaughan(1918).",
      "species" : [ ],
      "dataFile" : [ {
        "fileUrl" : "https://www1.ncdc.noaa.gov/pub/data/paleo/coral/atlantic/delong2014/delong2014-tortugas.xlsx",
        "urlDescription" : "Originally Contributed Excel File",
        "linkText" : "All Dry Tortugas Data",
        "variables" : [ ],
        "NOAAKeywords" : [ "earth science>paleoclimate>corals and sclerosponges>physical properties" ]
      }, {
        "fileUrl" : "https://www1.ncdc.noaa.gov/pub/data/paleo/coral/atlantic/delong2014/delong2014-dtlight.txt",
        "urlDescription" : "Formatted Text File",
        "linkText" : "Dry Tortugas Lighthouse SST Data",
        "variables" : [ {
          "cvDataType" : "INSTRUMENTAL",
          "cvWhat" : "earth system variable>temperature variable>temperature>sea water temperature>sea surface temperature",
          "cvMaterial" : null,
          "cvError" : null,
          "cvUnit" : "degree Celsius",
          "cvSeasonality" : null,
          "cvDetail" : null,
          "cvMethod" : null,
          "cvAdditionalInfo" : "in situ data logger",
          "cvFormat" : "Numeric",
          "cvShortName" : null
        }, {
          "cvDataType" : "INSTRUMENTAL",
          "cvWhat" : "sampling metadata>collection date",
          "cvMaterial" : null,
          "cvError" : null,
          "cvUnit" : "year Common Era",
          "cvSeasonality" : null,
          "cvDetail" : null,
          "cvMethod" : null,
          "cvAdditionalInfo" : null,
          "cvFormat" : "Numeric",
          "cvShortName" : null
        } ],
        "NOAAKeywords" : [ "earth science>paleoclimate>corals and sclerosponges>physical properties" ]
      } ]
    }, {
      "dataTableName" : "DRYF1 and PLSF1 SST D14",
      "NOAADataTableId" : "26441",
      "earliestYear" : 1992,
      "mostRecentYear" : 2008,
      "timeUnit" : "AD",
      "earliestYearBP" : -42,
      "mostRecentYearBP" : -58,
      "earliestYearCE" : 1992,
      "mostRecentYearCE" : 2008,
      "coreLengthMeters" : null,
      "dataTableNotes" : "Monthly mean SST from NDBC www.ndbc.noaa.gov. Bouys: DRYF1 24.638 N 82.862 W and PLSF1\tStation PLSF1: 24.693N 82.773W",
      "species" : [ ],
      "dataFile" : [ {
        "fileUrl" : "https://www1.ncdc.noaa.gov/pub/data/paleo/coral/atlantic/delong2014/delong2014-tortugas.xlsx",
        "urlDescription" : "Originally Contributed Excel File",
        "linkText" : "All Dry Tortugas Data",
        "variables" : [ ],
        "NOAAKeywords" : [ "earth science>paleoclimate>corals and sclerosponges>physical properties" ]
      }, {
        "fileUrl" : "https://www1.ncdc.noaa.gov/pub/data/paleo/coral/atlantic/delong2014/delong2014-drto-sst.txt",
        "urlDescription" : "Formatted Text File",
        "linkText" : "Bouy SST Data",
        "variables" : [ {
          "cvDataType" : "INSTRUMENTAL",
          "cvWhat" : "earth system variable>temperature variable>temperature>sea water temperature>sea surface temperature",
          "cvMaterial" : null,
          "cvError" : "one standard deviation",
          "cvUnit" : "degree Celsius",
          "cvSeasonality" : null,
          "cvDetail" : null,
          "cvMethod" : null,
          "cvAdditionalInfo" : "in situ data logger",
          "cvFormat" : "Numeric",
          "cvShortName" : null
        }, {
          "cvDataType" : "INSTRUMENTAL",
          "cvWhat" : "earth system variable>temperature variable>temperature>sea water temperature>sea surface temperature",
          "cvMaterial" : null,
          "cvError" : null,
          "cvUnit" : "degree Celsius",
          "cvSeasonality" : null,
          "cvDetail" : null,
          "cvMethod" : null,
          "cvAdditionalInfo" : "in situ data logger",
          "cvFormat" : "Numeric",
          "cvShortName" : null
        }, {
          "cvDataType" : "INSTRUMENTAL",
          "cvWhat" : "sampling metadata>collection date",
          "cvMaterial" : null,
          "cvError" : null,
          "cvUnit" : "year Common Era",
          "cvSeasonality" : null,
          "cvDetail" : null,
          "cvMethod" : null,
          "cvAdditionalInfo" : null,
          "cvFormat" : "Numeric",
          "cvShortName" : null
        } ],
        "NOAAKeywords" : [ "earth science>paleoclimate>corals and sclerosponges>physical properties" ]
      } ]
    }, {
      "dataTableName" : "O8PS-F1 Extension D14",
      "NOAADataTableId" : "26440",
      "earliestYear" : 1897,
      "mostRecentYear" : 2007,
      "timeUnit" : "AD",
      "earliestYearBP" : 53,
      "mostRecentYearBP" : -57,
      "earliestYearCE" : 1897,
      "mostRecentYearCE" : 2007,
      "coreLengthMeters" : null,
      "dataTableNotes" : null,
      "species" : [ ],
      "dataFile" : [ {
        "fileUrl" : "https://www1.ncdc.noaa.gov/pub/data/paleo/coral/atlantic/delong2014/delong2014-tortugas.xlsx",
        "urlDescription" : "Originally Contributed Excel File",
        "linkText" : "All Dry Tortugas Data",
        "variables" : [ ],
        "NOAAKeywords" : [ "earth science>paleoclimate>corals and sclerosponges>physical properties" ]
      }, {
        "fileUrl" : "https://www1.ncdc.noaa.gov/pub/data/paleo/coral/atlantic/delong2014/delong2014-08ps-f1-ext.txt",
        "urlDescription" : "Formatted Text File",
        "linkText" : "O8PS-F1 Extension Data",
        "variables" : [ {
          "cvDataType" : "CORALS AND SCLEROSPONGES",
          "cvWhat" : "formation property>formation rate>extension rate",
          "cvMaterial" : "biological material>organism>coral>Siderastrea sp.>Siderastrea siderea",
          "cvError" : null,
          "cvUnit" : "millimeter per year",
          "cvSeasonality" : null,
          "cvDetail" : null,
          "cvMethod" : null,
          "cvAdditionalInfo" : null,
          "cvFormat" : "Numeric",
          "cvShortName" : null
        }, {
          "cvDataType" : "CORALS AND SCLEROSPONGES",
          "cvWhat" : "age variable>age",
          "cvMaterial" : null,
          "cvError" : null,
          "cvUnit" : "year Common Era",
          "cvSeasonality" : null,
          "cvDetail" : null,
          "cvMethod" : null,
          "cvAdditionalInfo" : null,
          "cvFormat" : "Numeric",
          "cvShortName" : null
        } ],
        "NOAAKeywords" : [ "earth science>paleoclimate>corals and sclerosponges>physical properties" ]
      } ]
    }, {
      "dataTableName" : "O8PS-F1 Sr/Ca D14",
      "NOAADataTableId" : "26439",
      "earliestYear" : 1896,
      "mostRecentYear" : 2008,
      "timeUnit" : "AD",
      "earliestYearBP" : 54,
      "mostRecentYearBP" : -58,
      "earliestYearCE" : 1896,
      "mostRecentYearCE" : 2008,
      "coreLengthMeters" : null,
      "dataTableNotes" : null,
      "species" : [ ],
      "dataFile" : [ {
        "fileUrl" : "https://www1.ncdc.noaa.gov/pub/data/paleo/coral/atlantic/delong2014/delong2014-tortugas.xlsx",
        "urlDescription" : "Originally Contributed Excel File",
        "linkText" : "All Dry Tortugas Data",
        "variables" : [ ],
        "NOAAKeywords" : [ "earth science>paleoclimate>corals and sclerosponges>trace metals" ]
      }, {
        "fileUrl" : "https://www1.ncdc.noaa.gov/pub/data/paleo/coral/atlantic/delong2014/delong2014-08ps-f1-SrCa.txt",
        "urlDescription" : "Formatted Text File",
        "linkText" : "O8PS-F1 Sr/Ca Data",
        "variables" : [ {
          "cvDataType" : "CORALS AND SCLEROSPONGES",
          "cvWhat" : "sampling metadata>number of samples",
          "cvMaterial" : null,
          "cvError" : null,
          "cvUnit" : "count",
          "cvSeasonality" : null,
          "cvDetail" : null,
          "cvMethod" : null,
          "cvAdditionalInfo" : null,
          "cvFormat" : "Numeric",
          "cvShortName" : null
        }, {
          "cvDataType" : "CORALS AND SCLEROSPONGES",
          "cvWhat" : "chemical composition>element or compound ratio>strontium/calcium",
          "cvMaterial" : "biological material>organism>coral>Siderastrea sp.>Siderastrea siderea",
          "cvError" : "one standard error",
          "cvUnit" : "millimole per mole",
          "cvSeasonality" : null,
          "cvDetail" : "interpolated",
          "cvMethod" : "inductively-coupled plasma atomic emission spectroscopy",
          "cvAdditionalInfo" : null,
          "cvFormat" : "Numeric",
          "cvShortName" : null
        }, {
          "cvDataType" : "CORALS AND SCLEROSPONGES",
          "cvWhat" : "age variable>age",
          "cvMaterial" : null,
          "cvError" : null,
          "cvUnit" : "year Common Era",
          "cvSeasonality" : null,
          "cvDetail" : null,
          "cvMethod" : null,
          "cvAdditionalInfo" : null,
          "cvFormat" : "Numeric",
          "cvShortName" : null
        }, {
          "cvDataType" : "CORALS AND SCLEROSPONGES",
          "cvWhat" : "chemical composition>element or compound ratio>strontium/calcium",
          "cvMaterial" : "biological material>organism>coral>Siderastrea sp.>Siderastrea siderea",
          "cvError" : null,
          "cvUnit" : "millimole per mole",
          "cvSeasonality" : null,
          "cvDetail" : "interpolated",
          "cvMethod" : "inductively-coupled plasma atomic emission spectroscopy",
          "cvAdditionalInfo" : null,
          "cvFormat" : "Numeric",
          "cvShortName" : null
        } ],
        "NOAAKeywords" : [ "earth science>paleoclimate>corals and sclerosponges>trace metals" ]
      } ]
    }, {
      "dataTableName" : "93DRYSS2 Extension D14",
      "NOAADataTableId" : "26438",
      "earliestYear" : 1734,
      "mostRecentYear" : 1903,
      "timeUnit" : "AD",
      "earliestYearBP" : 216,
      "mostRecentYearBP" : 47,
      "earliestYearCE" : 1734,
      "mostRecentYearCE" : 1903,
      "coreLengthMeters" : null,
      "dataTableNotes" : null,
      "species" : [ ],
      "dataFile" : [ {
        "fileUrl" : "https://www1.ncdc.noaa.gov/pub/data/paleo/coral/atlantic/delong2014/delong2014-tortugas.xlsx",
        "urlDescription" : "Originally Contributed Excel File",
        "linkText" : "All Dry Tortugas Data",
        "variables" : [ ],
        "NOAAKeywords" : [ "earth science>paleoclimate>corals and sclerosponges>physical properties" ]
      }, {
        "fileUrl" : "https://www1.ncdc.noaa.gov/pub/data/paleo/coral/atlantic/delong2014/delong2014-93dryss2-ext.txt",
        "urlDescription" : "Formatted Text File",
        "linkText" : "93DRYSS2 Extension Data",
        "variables" : [ {
          "cvDataType" : "CORALS AND SCLEROSPONGES",
          "cvWhat" : "formation property>formation rate>extension rate",
          "cvMaterial" : "biological material>organism>coral>Siderastrea sp.>Siderastrea siderea",
          "cvError" : null,
          "cvUnit" : "millimeter per year",
          "cvSeasonality" : null,
          "cvDetail" : null,
          "cvMethod" : null,
          "cvAdditionalInfo" : null,
          "cvFormat" : "Numeric",
          "cvShortName" : null
        }, {
          "cvDataType" : "CORALS AND SCLEROSPONGES",
          "cvWhat" : "age variable>age",
          "cvMaterial" : null,
          "cvError" : null,
          "cvUnit" : "year Common Era",
          "cvSeasonality" : null,
          "cvDetail" : null,
          "cvMethod" : null,
          "cvAdditionalInfo" : null,
          "cvFormat" : "Numeric",
          "cvShortName" : null
        } ],
        "NOAAKeywords" : [ "earth science>paleoclimate>corals and sclerosponges>physical properties" ]
      } ]
    }, {
      "dataTableName" : "93DRYSS2 Sr/Ca D14",
      "NOAADataTableId" : "26437",
      "earliestYear" : 1733,
      "mostRecentYear" : 1904,
      "timeUnit" : "AD",
      "earliestYearBP" : 217,
      "mostRecentYearBP" : 46,
      "earliestYearCE" : 1733,
      "mostRecentYearCE" : 1904,
      "coreLengthMeters" : null,
      "dataTableNotes" : null,
      "species" : [ ],
      "dataFile" : [ {
        "fileUrl" : "https://www1.ncdc.noaa.gov/pub/data/paleo/coral/atlantic/delong2014/delong2014-tortugas.xlsx",
        "urlDescription" : "Originally Contributed Excel File",
        "linkText" : "All Dry Tortugas Data",
        "variables" : [ ],
        "NOAAKeywords" : [ "earth science>paleoclimate>corals and sclerosponges>trace metals" ]
      }, {
        "fileUrl" : "https://www1.ncdc.noaa.gov/pub/data/paleo/coral/atlantic/delong2014/delong2014-93dryss2-SrCa.txt",
        "urlDescription" : "Formatted Text File",
        "linkText" : "93DRYSS2 Sr/Ca Data",
        "variables" : [ {
          "cvDataType" : "CORALS AND SCLEROSPONGES",
          "cvWhat" : "sampling metadata>number of samples",
          "cvMaterial" : null,
          "cvError" : null,
          "cvUnit" : "count",
          "cvSeasonality" : null,
          "cvDetail" : null,
          "cvMethod" : null,
          "cvAdditionalInfo" : null,
          "cvFormat" : "Numeric",
          "cvShortName" : null
        }, {
          "cvDataType" : "CORALS AND SCLEROSPONGES",
          "cvWhat" : "chemical composition>element or compound ratio>strontium/calcium",
          "cvMaterial" : "biological material>organism>coral>Siderastrea sp.>Siderastrea siderea",
          "cvError" : "one standard error",
          "cvUnit" : "millimole per mole",
          "cvSeasonality" : null,
          "cvDetail" : "interpolated",
          "cvMethod" : "inductively-coupled plasma atomic emission spectroscopy",
          "cvAdditionalInfo" : null,
          "cvFormat" : "Numeric",
          "cvShortName" : null
        }, {
          "cvDataType" : "CORALS AND SCLEROSPONGES",
          "cvWhat" : "chemical composition>element or compound ratio>strontium/calcium",
          "cvMaterial" : "biological material>organism>coral>Siderastrea sp.>Siderastrea siderea",
          "cvError" : null,
          "cvUnit" : "millimole per mole",
          "cvSeasonality" : null,
          "cvDetail" : "interpolated",
          "cvMethod" : "inductively-coupled plasma atomic emission spectroscopy",
          "cvAdditionalInfo" : null,
          "cvFormat" : "Numeric",
          "cvShortName" : null
        }, {
          "cvDataType" : "CORALS AND SCLEROSPONGES",
          "cvWhat" : "age variable>age",
          "cvMaterial" : null,
          "cvError" : null,
          "cvUnit" : "year Common Era",
          "cvSeasonality" : null,
          "cvDetail" : null,
          "cvMethod" : null,
          "cvAdditionalInfo" : null,
          "cvFormat" : "Numeric",
          "cvShortName" : null
        } ],
        "NOAAKeywords" : [ "earth science>paleoclimate>corals and sclerosponges>trace metals" ]
      } ]
    }, {
      "dataTableName" : "O8PS-A2-A Extension D14",
      "NOAADataTableId" : "26436",
      "earliestYear" : 1779,
      "mostRecentYear" : 1966,
      "timeUnit" : "AD",
      "earliestYearBP" : 171,
      "mostRecentYearBP" : -16,
      "earliestYearCE" : 1779,
      "mostRecentYearCE" : 1966,
      "coreLengthMeters" : null,
      "dataTableNotes" : null,
      "species" : [ ],
      "dataFile" : [ {
        "fileUrl" : "https://www1.ncdc.noaa.gov/pub/data/paleo/coral/atlantic/delong2014/delong2014-tortugas.xlsx",
        "urlDescription" : "Originally Contributed Excel File",
        "linkText" : "All Dry Tortugas Data",
        "variables" : [ ],
        "NOAAKeywords" : [ "earth science>paleoclimate>corals and sclerosponges>physical properties" ]
      }, {
        "fileUrl" : "https://www1.ncdc.noaa.gov/pub/data/paleo/coral/atlantic/delong2014/delong2014-08ps-a2-ext.txt",
        "urlDescription" : "Formatted Text File",
        "linkText" : "O8PS-A2 Extension Data",
        "variables" : [ {
          "cvDataType" : "CORALS AND SCLEROSPONGES",
          "cvWhat" : "formation property>formation rate>extension rate",
          "cvMaterial" : "biological material>organism>coral>Siderastrea sp.>Siderastrea siderea",
          "cvError" : null,
          "cvUnit" : "millimeter per year",
          "cvSeasonality" : null,
          "cvDetail" : null,
          "cvMethod" : null,
          "cvAdditionalInfo" : null,
          "cvFormat" : "Numeric",
          "cvShortName" : null
        }, {
          "cvDataType" : "CORALS AND SCLEROSPONGES",
          "cvWhat" : "age variable>age",
          "cvMaterial" : null,
          "cvError" : null,
          "cvUnit" : "year Common Era",
          "cvSeasonality" : null,
          "cvDetail" : null,
          "cvMethod" : null,
          "cvAdditionalInfo" : null,
          "cvFormat" : "Numeric",
          "cvShortName" : null
        } ],
        "NOAAKeywords" : [ "earth science>paleoclimate>corals and sclerosponges>physical properties" ]
      } ]
    }, {
      "dataTableName" : "O8PS-A2-A Sr/Ca D14",
      "NOAADataTableId" : "26435",
      "earliestYear" : 1779,
      "mostRecentYear" : 2007,
      "timeUnit" : "AD",
      "earliestYearBP" : 171,
      "mostRecentYearBP" : -57,
      "earliestYearCE" : 1779,
      "mostRecentYearCE" : 2007,
      "coreLengthMeters" : null,
      "dataTableNotes" : null,
      "species" : [ ],
      "dataFile" : [ {
        "fileUrl" : "https://www1.ncdc.noaa.gov/pub/data/paleo/coral/atlantic/delong2014/delong2014-tortugas.xlsx",
        "urlDescription" : "Originally Contributed Excel File",
        "linkText" : "All Dry Tortugas Data",
        "variables" : [ ],
        "NOAAKeywords" : [ "earth science>paleoclimate>corals and sclerosponges>trace metals" ]
      }, {
        "fileUrl" : "https://www1.ncdc.noaa.gov/pub/data/paleo/coral/atlantic/delong2014/delong2014-08ps-a2-SrCa.txt",
        "urlDescription" : "Formatted Text File",
        "linkText" : "O8PS-A2 Sr/Ca Data",
        "variables" : [ {
          "cvDataType" : "CORALS AND SCLEROSPONGES",
          "cvWhat" : "sampling metadata>number of samples",
          "cvMaterial" : null,
          "cvError" : null,
          "cvUnit" : "count",
          "cvSeasonality" : null,
          "cvDetail" : null,
          "cvMethod" : null,
          "cvAdditionalInfo" : null,
          "cvFormat" : "Numeric",
          "cvShortName" : null
        }, {
          "cvDataType" : "CORALS AND SCLEROSPONGES",
          "cvWhat" : "chemical composition>element or compound ratio>strontium/calcium",
          "cvMaterial" : "biological material>organism>coral>Siderastrea sp.>Siderastrea siderea",
          "cvError" : null,
          "cvUnit" : "millimole per mole",
          "cvSeasonality" : null,
          "cvDetail" : "interpolated",
          "cvMethod" : "inductively-coupled plasma atomic emission spectroscopy",
          "cvAdditionalInfo" : null,
          "cvFormat" : "Numeric",
          "cvShortName" : null
        }, {
          "cvDataType" : "CORALS AND SCLEROSPONGES",
          "cvWhat" : "age variable>age",
          "cvMaterial" : null,
          "cvError" : null,
          "cvUnit" : "year Common Era",
          "cvSeasonality" : null,
          "cvDetail" : null,
          "cvMethod" : null,
          "cvAdditionalInfo" : null,
          "cvFormat" : "Numeric",
          "cvShortName" : null
        } ],
        "NOAAKeywords" : [ "earth science>paleoclimate>corals and sclerosponges>trace metals" ]
      } ]
    }, {
      "dataTableName" : "O8PS-A1-A Extension D14",
      "NOAADataTableId" : "26434",
      "earliestYear" : 1945,
      "mostRecentYear" : 2007,
      "timeUnit" : "AD",
      "earliestYearBP" : 5,
      "mostRecentYearBP" : -57,
      "earliestYearCE" : 1945,
      "mostRecentYearCE" : 2007,
      "coreLengthMeters" : null,
      "dataTableNotes" : null,
      "species" : [ ],
      "dataFile" : [ {
        "fileUrl" : "https://www1.ncdc.noaa.gov/pub/data/paleo/coral/atlantic/delong2014/delong2014-tortugas.xlsx",
        "urlDescription" : "Originally Contributed Excel File",
        "linkText" : "All Dry Tortugas Data",
        "variables" : [ ],
        "NOAAKeywords" : [ "earth science>paleoclimate>corals and sclerosponges>physical properties" ]
      }, {
        "fileUrl" : "https://www1.ncdc.noaa.gov/pub/data/paleo/coral/atlantic/delong2014/delong2014-08ps-a1-ext.txt",
        "urlDescription" : "Formatted Text File",
        "linkText" : "O8PS-A1 Extension Data",
        "variables" : [ {
          "cvDataType" : "CORALS AND SCLEROSPONGES",
          "cvWhat" : "formation property>formation rate>extension rate",
          "cvMaterial" : "biological material>organism>coral>Siderastrea sp.>Siderastrea siderea",
          "cvError" : null,
          "cvUnit" : "millimeter per year",
          "cvSeasonality" : null,
          "cvDetail" : null,
          "cvMethod" : null,
          "cvAdditionalInfo" : null,
          "cvFormat" : "Numeric",
          "cvShortName" : null
        }, {
          "cvDataType" : "CORALS AND SCLEROSPONGES",
          "cvWhat" : "age variable>age",
          "cvMaterial" : null,
          "cvError" : null,
          "cvUnit" : "year Common Era",
          "cvSeasonality" : null,
          "cvDetail" : null,
          "cvMethod" : null,
          "cvAdditionalInfo" : null,
          "cvFormat" : "Numeric",
          "cvShortName" : null
        } ],
        "NOAAKeywords" : [ "earth science>paleoclimate>corals and sclerosponges>physical properties" ]
      } ]
    }, {
      "dataTableName" : "O8PS-A1-A Sr/Ca D14",
      "NOAADataTableId" : "26433",
      "earliestYear" : 1944,
      "mostRecentYear" : 2008,
      "timeUnit" : "AD",
      "earliestYearBP" : 6,
      "mostRecentYearBP" : -58,
      "earliestYearCE" : 1944,
      "mostRecentYearCE" : 2008,
      "coreLengthMeters" : null,
      "dataTableNotes" : null,
      "species" : [ ],
      "dataFile" : [ {
        "fileUrl" : "https://www1.ncdc.noaa.gov/pub/data/paleo/coral/atlantic/delong2014/delong2014-tortugas.xlsx",
        "urlDescription" : "Originally Contributed Excel File",
        "linkText" : "All Dry Tortugas Data",
        "variables" : [ ],
        "NOAAKeywords" : [ "earth science>paleoclimate>corals and sclerosponges>trace metals" ]
      }, {
        "fileUrl" : "https://www1.ncdc.noaa.gov/pub/data/paleo/coral/atlantic/delong2014/delong2014-08ps-a1-SrCa.txt",
        "urlDescription" : "Formatted Text File",
        "linkText" : "O8PS-A1 Sr/Ca Data",
        "variables" : [ {
          "cvDataType" : "CORALS AND SCLEROSPONGES",
          "cvWhat" : "sampling metadata>number of samples",
          "cvMaterial" : null,
          "cvError" : null,
          "cvUnit" : "count",
          "cvSeasonality" : null,
          "cvDetail" : null,
          "cvMethod" : null,
          "cvAdditionalInfo" : null,
          "cvFormat" : "Numeric",
          "cvShortName" : null
        }, {
          "cvDataType" : "CORALS AND SCLEROSPONGES",
          "cvWhat" : "chemical composition>element or compound ratio>strontium/calcium",
          "cvMaterial" : "biological material>organism>coral>Siderastrea sp.>Siderastrea siderea",
          "cvError" : null,
          "cvUnit" : "millimole per mole",
          "cvSeasonality" : null,
          "cvDetail" : "interpolated",
          "cvMethod" : "inductively-coupled plasma atomic emission spectroscopy",
          "cvAdditionalInfo" : null,
          "cvFormat" : "Numeric",
          "cvShortName" : null
        }, {
          "cvDataType" : "CORALS AND SCLEROSPONGES",
          "cvWhat" : "age variable>age",
          "cvMaterial" : null,
          "cvError" : null,
          "cvUnit" : "year Common Era",
          "cvSeasonality" : null,
          "cvDetail" : null,
          "cvMethod" : null,
          "cvAdditionalInfo" : null,
          "cvFormat" : "Numeric",
          "cvShortName" : null
        } ],
        "NOAAKeywords" : [ "earth science>paleoclimate>corals and sclerosponges>trace metals" ]
      } ]
    }, {
      "dataTableName" : "O8PS-A Sr/Ca D14",
      "NOAADataTableId" : "26432",
      "earliestYear" : 1779,
      "mostRecentYear" : 2008,
      "timeUnit" : "AD",
      "earliestYearBP" : 171,
      "mostRecentYearBP" : -58,
      "earliestYearCE" : 1779,
      "mostRecentYearCE" : 2008,
      "coreLengthMeters" : null,
      "dataTableNotes" : "The average of 08PS-A1 and 08PS-A2.",
      "species" : [ ],
      "dataFile" : [ {
        "fileUrl" : "https://www1.ncdc.noaa.gov/pub/data/paleo/coral/atlantic/delong2014/delong2014-tortugas.xlsx",
        "urlDescription" : "Originally Contributed Excel File",
        "linkText" : "All Dry Tortugas Data",
        "variables" : [ ],
        "NOAAKeywords" : [ "earth science>paleoclimate>corals and sclerosponges>trace metals" ]
      }, {
        "fileUrl" : "https://www1.ncdc.noaa.gov/pub/data/paleo/coral/atlantic/delong2014/delong2014-08ps-a-SrCa.txt",
        "urlDescription" : "Formatted Text File",
        "linkText" : "O8PS-A Sr/Ca Data",
        "variables" : [ {
          "cvDataType" : "CORALS AND SCLEROSPONGES",
          "cvWhat" : "sampling metadata>number of samples",
          "cvMaterial" : null,
          "cvError" : null,
          "cvUnit" : "count",
          "cvSeasonality" : null,
          "cvDetail" : null,
          "cvMethod" : null,
          "cvAdditionalInfo" : null,
          "cvFormat" : "Numeric",
          "cvShortName" : null
        }, {
          "cvDataType" : "CORALS AND SCLEROSPONGES",
          "cvWhat" : "chemical composition>element or compound ratio>strontium/calcium",
          "cvMaterial" : "biological material>organism>coral>Siderastrea sp.>Siderastrea siderea",
          "cvError" : "one standard error",
          "cvUnit" : "millimole per mole",
          "cvSeasonality" : null,
          "cvDetail" : "interpolated",
          "cvMethod" : "inductively-coupled plasma atomic emission spectroscopy",
          "cvAdditionalInfo" : null,
          "cvFormat" : "Numeric",
          "cvShortName" : null
        }, {
          "cvDataType" : "CORALS AND SCLEROSPONGES",
          "cvWhat" : "chemical composition>element or compound ratio>strontium/calcium",
          "cvMaterial" : "biological material>organism>coral>Siderastrea sp.>Siderastrea siderea",
          "cvError" : null,
          "cvUnit" : "millimole per mole",
          "cvSeasonality" : null,
          "cvDetail" : "interpolated",
          "cvMethod" : "inductively-coupled plasma atomic emission spectroscopy",
          "cvAdditionalInfo" : null,
          "cvFormat" : "Numeric",
          "cvShortName" : null
        }, {
          "cvDataType" : "CORALS AND SCLEROSPONGES",
          "cvWhat" : "age variable>age",
          "cvMaterial" : null,
          "cvError" : null,
          "cvUnit" : "year Common Era",
          "cvSeasonality" : null,
          "cvDetail" : null,
          "cvMethod" : null,
          "cvAdditionalInfo" : null,
          "cvFormat" : "Numeric",
          "cvShortName" : null
        } ],
        "NOAAKeywords" : [ "earth science>paleoclimate>corals and sclerosponges>trace metals" ]
      } ]
    }, {
      "dataTableName" : "O8PS-A Extension D14",
      "NOAADataTableId" : "26431",
      "earliestYear" : 1779,
      "mostRecentYear" : 2007,
      "timeUnit" : "AD",
      "earliestYearBP" : 171,
      "mostRecentYearBP" : -57,
      "earliestYearCE" : 1779,
      "mostRecentYearCE" : 2007,
      "coreLengthMeters" : null,
      "dataTableNotes" : "The average of 08PS-A1 and 08PS-A2.",
      "species" : [ ],
      "dataFile" : [ {
        "fileUrl" : "https://www1.ncdc.noaa.gov/pub/data/paleo/coral/atlantic/delong2014/delong2014-tortugas.xlsx",
        "urlDescription" : "Originally Contributed Excel File",
        "linkText" : "All Dry Tortugas Data",
        "variables" : [ ],
        "NOAAKeywords" : [ "earth science>paleoclimate>corals and sclerosponges>physical properties" ]
      }, {
        "fileUrl" : "https://www1.ncdc.noaa.gov/pub/data/paleo/coral/atlantic/delong2014/delong2014-08ps-a-ext.txt",
        "urlDescription" : "Formatted Text File",
        "linkText" : "O8PS-A Extension Data",
        "variables" : [ {
          "cvDataType" : "CORALS AND SCLEROSPONGES",
          "cvWhat" : "formation property>formation rate>extension rate",
          "cvMaterial" : "biological material>organism>coral>Siderastrea sp.>Siderastrea siderea",
          "cvError" : null,
          "cvUnit" : "millimeter per year",
          "cvSeasonality" : null,
          "cvDetail" : "raw",
          "cvMethod" : null,
          "cvAdditionalInfo" : null,
          "cvFormat" : "Numeric",
          "cvShortName" : null
        }, {
          "cvDataType" : "CORALS AND SCLEROSPONGES",
          "cvWhat" : "age variable>age",
          "cvMaterial" : null,
          "cvError" : null,
          "cvUnit" : "year Common Era",
          "cvSeasonality" : null,
          "cvDetail" : null,
          "cvMethod" : null,
          "cvAdditionalInfo" : null,
          "cvFormat" : "Numeric",
          "cvShortName" : null
        } ],
        "NOAAKeywords" : [ "earth science>paleoclimate>corals and sclerosponges>physical properties" ]
      } ]
    }, {
      "dataTableName" : "Tortugas Sr/Ca D14",
      "NOAADataTableId" : "26430",
      "earliestYear" : 1734,
      "mostRecentYear" : 2008,
      "timeUnit" : "AD",
      "earliestYearBP" : 216,
      "mostRecentYearBP" : -58,
      "earliestYearCE" : 1734,
      "mostRecentYearCE" : 2008,
      "coreLengthMeters" : null,
      "dataTableNotes" : "The Dry Tortugas master record of Sr/Ca, which is the average of all colonies: 08PS-A, 08PS-F1, and 93DRYSS2.",
      "species" : [ ],
      "dataFile" : [ {
        "fileUrl" : "https://www1.ncdc.noaa.gov/pub/data/paleo/coral/atlantic/delong2014/delong2014-tortugas.xlsx",
        "urlDescription" : "Originally Contributed Excel File",
        "linkText" : "All Dry Tortugas Data",
        "variables" : [ ],
        "NOAAKeywords" : [ "earth science>paleoclimate>corals and sclerosponges>trace metals" ]
      }, {
        "fileUrl" : "https://www1.ncdc.noaa.gov/pub/data/paleo/coral/atlantic/delong2014/delong2014-masterSrCa.txt",
        "urlDescription" : "Formatted Text File",
        "linkText" : "Master Chronology Average Sr/Ca Data",
        "variables" : [ {
          "cvDataType" : "CORALS AND SCLEROSPONGES",
          "cvWhat" : "sampling metadata>number of samples",
          "cvMaterial" : null,
          "cvError" : null,
          "cvUnit" : "count",
          "cvSeasonality" : null,
          "cvDetail" : null,
          "cvMethod" : null,
          "cvAdditionalInfo" : null,
          "cvFormat" : "Numeric",
          "cvShortName" : null
        }, {
          "cvDataType" : "CORALS AND SCLEROSPONGES",
          "cvWhat" : "chemical composition>element or compound ratio>strontium/calcium",
          "cvMaterial" : "biological material>organism>coral>Siderastrea sp.>Siderastrea siderea",
          "cvError" : "one standard error",
          "cvUnit" : "millimole per mole",
          "cvSeasonality" : null,
          "cvDetail" : "interpolated",
          "cvMethod" : "inductively-coupled plasma atomic emission spectroscopy",
          "cvAdditionalInfo" : null,
          "cvFormat" : "Numeric",
          "cvShortName" : null
        }, {
          "cvDataType" : "CORALS AND SCLEROSPONGES",
          "cvWhat" : "chemical composition>element or compound ratio>strontium/calcium",
          "cvMaterial" : "biological material>organism>coral>Siderastrea sp.>Siderastrea siderea",
          "cvError" : null,
          "cvUnit" : "millimole per mole",
          "cvSeasonality" : null,
          "cvDetail" : "interpolated",
          "cvMethod" : "inductively-coupled plasma atomic emission spectroscopy",
          "cvAdditionalInfo" : null,
          "cvFormat" : "Numeric",
          "cvShortName" : null
        }, {
          "cvDataType" : "CORALS AND SCLEROSPONGES",
          "cvWhat" : "age variable>age",
          "cvMaterial" : null,
          "cvError" : null,
          "cvUnit" : "year Common Era",
          "cvSeasonality" : null,
          "cvDetail" : null,
          "cvMethod" : null,
          "cvAdditionalInfo" : null,
          "cvFormat" : "Numeric",
          "cvShortName" : null
        } ],
        "NOAAKeywords" : [ "earth science>paleoclimate>corals and sclerosponges>trace metals" ]
      } ]
    } ]
  } ]
}