coral id,sampler,sample no.,distance (cm),min95%,max95%,clam year bp,type,bomb curve yr,growth rate yr bp,year ad,d15n vs. air,d13c vs vpdb,%n,%c,c:n
4907bc1-d3,john,1,32.00,619,820,696,smooth spline,,577,1254,9.4,-15.2,,,2.3
4907bc1-d3,john,2,64.00,648,845,723,smooth spline,,585,1227,9.8,-15.4,,,
4907bc1-d3,john,3,96.00,677,868,750,smooth spline,,593,1200,9.4,-15.1,,,2.7
4907bc1-d3,john,4,128.00,705,892,778,smooth spline,,601,1172,8.5,-15.3,,,2.5
4907bc1-d3,john,5,160.00,733,916,805,smooth spline,,608,1145,8.6,-15.1,,,2.5
4907bc1-d3,john,6,192.00,759,941,832,smooth spline,,616,1118,8.8,-15.2,,,2.5
4907bc1-d3,john,7,224.00,788,964,859,smooth spline,,624,1091,8.8,-15.3,,,2.5
4907bc1-d3,john,8,256.00,814,988,886,smooth spline,,632,1064,9.5,-15.0,,,2.5
4907bc1-d3,john,9,288.00,842,1011,913,smooth spline,,640,1037,9.8,-14.9,,,2.5
4907bc1-d3,john,10,320.00,869,1035,939,smooth spline,,648,1011,10.1,-15.0,,,2.4
4907bc1-d3,john,11,352.00,897,1058,966,smooth spline,,656,984,9.7,-15.9,,,
4907bc1-d3,john,12,384.00,924,1080,993,smooth spline,,664,957,9.0,-16.8,,,
4907bc1-d3,john,13,416.00,950,1104,1019,smooth spline,,672,931,8.5,-15.3,,,2.4
4907bc1-d3,john,14,448.00,977,1127,1045,smooth spline,,679,905,8.2,-15.0,,,2.5
4907bc1-d3,john,15,480.00,1004,1150,1071,smooth spline,,687,879,7.7,-15.4,,,2.4
4907bc1-d3,john,16,512.00,1030,1173,1097,smooth spline,,695,853,8.6,-15.4,,,2.5
4907bc1-d3,john,17,544.00,1057,1197,1122,smooth spline,,703,828,8.5,-15.3,,,2.5
4907bc1-d3,john,18,576.00,1084,1220,1148,smooth spline,,711,802,8.7,-15.4,,,2.4
4907bc1-d3,john,19,608.00,1109,1243,1173,smooth spline,,719,777,8.4,-15.4,,,2.5
4907bc1-d3,john,20,640.00,1134,1265,1197,smooth spline,,727,753,7.9,-15.6,,,2.5
4907bc1-d3,john,21,672.00,1159,1287,1222,smooth spline,,735,728,7.7,-15.3,,,2.5
4907bc1-d3,john,22,704.00,1184,1308,1246,smooth spline,,743,704,9.6,-14.7,,,3.3
4907bc1-d3,john,23,736.00,1209,1328,1269,smooth spline,,751,681,8.4,-16.0,,,2.5
4907bc1-d3,john,24,768.00,1234,1348,1293,smooth spline,,758,657,8.9,-15.4,,,2.4
4907bc1-d3,john,25,800.00,1258,1371,1316,smooth spline,,766,634,9.1,-15.1,,,2.4
4907bc1-d3,john,26,832.00,1282,1392,1339,smooth spline,,774,611,8.8,-15.0,,,2.6
4907bc1-d3,john,27,864.00,1307,1411,1361,smooth spline,,782,589,8.7,-15.4,,,
4907bc1-d3,john,28,896.00,1330,1432,1384,smooth spline,,790,566,8.4,-15.3,,,
4907bc1-d3,john,29,928.00,1353,1452,1405,smooth spline,,798,545,9.0,-14.9,,,2.6
4907bc1-d3,john,30,960.00,1375,1472,1427,smooth spline,,806,523,8.4,-14.8,,,2.5
4907bc1-d3,john,31,992.00,1397,1493,1448,smooth spline,,814,502,8.3,-15.4,,,2.5
4907bc1-d3,john,32,1024.00,1419,1512,1469,smooth spline,,822,481,7.9,-15.8,,,2.5
4907bc1-d3,john,33,1056.00,1441,1530,1489,smooth spline,,829,461,7.9,-15.7,,,2.5
4907bc1-d3,john,34,1088.00,1463,1550,1510,smooth spline,,837,440,7.8,-15.9,,,2.5
4907bc1-d3,john,35,1120.00,1484,1568,1529,smooth spline,,845,421,7.8,-15.5,,,2.5
4907bc1-d3,john,36,1152.00,1504,1586,1549,smooth spline,,853,401,7.7,-15.5,,,2.5
4907bc1-d3,john,37,1184.00,1524,1605,1568,smooth spline,,861,382,7.8,-15.7,,,2.6
4907bc1-d3,john,38,1216.00,1544,1624,1587,smooth spline,,869,363,8.1,-15.6,,,2.5
4907bc1-d3,john,39,1248.00,1564,1642,1605,smooth spline,,877,345,7.6,-15.6,,,2.5
4907bc1-d3,john,40,1280.00,1583,1659,1624,smooth spline,,885,326,7.9,-15.3,,,2.5
4907bc1-d3,john,41,1312.00,1602,1676,1641,smooth spline,,893,309,,,,,
4907bc1-d3,john,42,1344.00,1620,1694,1659,smooth spline,,900,291,8.7,-15.0,,,2.5
4907bc1-d3,john,43,1376.00,1638,1710,1676,smooth spline,,908,274,7.7,-15.9,,,2.6
4907bc1-d3,john,44,1408.00,1655,1726,1693,smooth spline,,916,257,7.9,-15.8,,,2.5
4907bc1-d3,john,45,1440.00,1672,1742,1710,smooth spline,,924,240,8.0,-15.4,,,2.6
4907bc1-d3,john,46,1472.00,1689,1758,1726,smooth spline,,932,224,8.3,-16.5,,,2.6
4907bc1-d3,john,47,1504.00,1706,1774,1742,smooth spline,,940,208,7.7,-15.3,,,2.5
4907bc1-d3,john,48,1536.00,1722,1789,1758,smooth spline,,948,192,7.8,-15.6,,,2.6
4907bc1-d3,john,49,1568.00,1738,1804,1773,smooth spline,,956,177,8.1,-15.6,,,2.4
4907bc1-d3,john,50,1600.00,1753,1820,1788,smooth spline,,964,162,9.0,-15.4,,,2.5
4907bc1-d3,john,51,1632.00,1768,1834,1803,smooth spline,,971,147,9.1,-15.5,,,2.6
4907bc1-d3,john,52,1664.00,1783,1849,1818,smooth spline,,979,132,8.4,-15.8,,,2.5
4907bc1-d3,john,53,1696.00,1798,1863,1832,smooth spline,,987,118,9.0,-15.4,,,2.4
4907bc1-d3,john,54,1728.00,1813,1877,1846,smooth spline,,995,104,8.6,-16.2,,,2.5
4907bc1-d3,john,55,1760.00,1828,1891,1860,smooth spline,,1003,90,9.0,-15.7,,,2.5
4907bc1-d3,john,56,1792.00,1842,1904,1873,smooth spline,,1011,77,8.9,-15.6,,,2.4
4907bc1-d3,john,57,1824.00,1856,1918,1886,smooth spline,,1019,64,8.3,-15.7,,,2.4
4907bc1-d3,john,58,1856.00,1870,1930,1899,smooth spline,,1027,51,7.8,-15.5,,,2.3
4907bc1-d3,john,59,1888.00,1883,1943,1912,smooth spline,,1035,38,7.6,-16.4,,,2.5
4907bc1-d3,john,60,1920.00,1896,1956,1925,smooth spline,,1043,25,8.6,-15.5,,,2.5
4907bc1-d3,john,61,1952.00,1908,1968,1937,smooth spline,,1050,13,8.5,-15.9,,,2.5
4907bc1-d3,john,62,1984.00,1920,1980,1949,smooth spline,,1058,1,8.8,-15.4,,,2.6
4907bc1-d3,john,63,2016.00,1932,1992,1961,smooth spline,,1066,-11,8.5,-15.5,,,2.6
4907bc1-d3,john,64,2048.00,1943,2003,1972,smooth spline,,1074,-22,8.9,-15.2,,,2.6
4907bc1-d3,john,65,2080.00,1955,2015,1983,smooth spline,,1082,-33,8.0,-15.8,,,2.4
4907bc1-d3,john,66,2112.00,1966,2026,1995,smooth spline,,1090,-45,9.3,-15.2,,,2.1
4907bc1-d3,john,67,2144.00,1976,2037,2005,smooth spline,,1098,-55,9.2,-15.2,,,2.2
4907bc1-d3,john,68,2176.00,1987,2048,2016,smooth spline,,1106,-66,7.4,-14.4,,,2.1
4907bc1-d3,john,69,2208.00,1998,2058,2027,smooth spline,,1114,-77,7.6,-15.0,,,2.0
4907bc1-d3,john,70,2240.00,2008,2068,2037,smooth spline,,1121,-87,8.0,-15.0,,,2.2
4907bc1-d3,john,71,2272.00,2018,2078,2047,smooth spline,,1129,-97,7.8,-15.6,,,2.2
4907bc1-d3,john,72,2304.00,2028,2088,2057,smooth spline,,1137,-107,8.8,-14.9,,,2.2
4907bc1-d3,john,73,2336.00,2037,2098,2067,smooth spline,,1145,-117,8.6,-14.9,,,2.2
4907bc1-d3,john,74,2368.00,2047,2107,2076,smooth spline,,1153,-126,8.5,-14.8,,,2.2
4907bc1-d3,john,75,2400.00,2056,2117,2085,smooth spline,,1161,-135,8.0,-14.8,,,2.3
4907bc1-d3,john,76,2432.00,2066,2126,2095,smooth spline,,1169,-145,7.8,-15.2,,,2.2
4907bc1-d3,john,77,2464.00,2075,2135,2104,smooth spline,,1177,-154,8.7,-15.0,,,2.3
4907bc1-d3,john,78,2496.00,2083,2144,2113,smooth spline,,1185,-163,8.8,-14.8,,,2.4
4907bc1-d3,john,79,2528.00,2092,2153,2121,smooth spline,,1192,-171,8.8,-15.5,,,2.4
4907bc1-d3,john,80,2560.00,2101,2162,2130,smooth spline,,1200,-180,9.3,-15.0,,,2.3
4907bc1-d3,john,81,2592.00,2109,2170,2138,smooth spline,,1208,-188,8.4,-15.0,,,2.2
4907bc1-d3,john,82,2624.00,2117,2178,2147,smooth spline,,1216,-197,8.8,-15.4,,,2.2
4907bc1-d3,john,83,2656.00,2125,2186,2155,smooth spline,,1224,-205,9.4,-15.2,,,2.1
4907bc1-d3,john,84,2688.00,2133,2194,2163,smooth spline,,1232,-213,9.6,-15.2,,,2.3
4907bc1-d3,john,85,2720.00,2141,2202,2171,smooth spline,,1240,-221,7.6,-15.3,,,2.3
4907bc1-d3,john,86,2752.00,2149,2209,2178,smooth spline,,1248,-228,9.0,-15.4,,,2.2
4907bc1-d3,john,87,2784.00,2156,2216,2186,smooth spline,,1256,-236,9.4,-15.1,,,2.0
4907bc1-d3,john,88,2816.00,2164,2224,2194,smooth spline,,1264,-244,7.7,-15.2,,,2.0
4907bc1-d3,john,89,2848.00,2171,2232,2201,smooth spline,,1271,-251,8.3,-15.3,,,2.4
4907bc1-d3,john,90,2880.00,2179,2239,2208,smooth spline,,1279,-258,7.9,-15.4,,,2.2
4907bc1-d3,john,91,2912.00,2186,2245,2215,smooth spline,,1287,-265,8.5,-15.2,,,2.3
4907bc1-d3,john,92,2944.00,2192,2252,2222,smooth spline,,1295,-272,8.2,-14.8,,,2.1
4907bc1-d3,john,93,2976.00,2199,2259,2229,smooth spline,,1303,-279,8.5,-15.0,,,2.1
4907bc1-d3,john,94,3008.00,2206,2266,2236,smooth spline,,1311,-286,8.5,-15.2,,,2.3
4907bc1-d3,john,95,3040.00,2213,2273,2243,smooth spline,,1319,-293,8.3,-15.2,,,2.2
4907bc1-d3,john,96,3072.00,2220,2280,2249,smooth spline,,1327,-299,9.0,-15.1,,,2.6
4907bc1-d3,john,97,3104.00,2226,2286,2256,smooth spline,,1335,-306,8.0,-15.5,,,2.6
4907bc1-d3,john,98,3136.00,2232,2293,2262,smooth spline,,1342,-312,7.9,-15.3,,,2.6
4907bc1-d3,john,99,3168.00,2239,2299,2268,smooth spline,,1350,-318,8.0,-15.6,,,2.5
4907bc1-d3,john,100,3200.00,2245,2305,2274,smooth spline,,1358,-324,8.1,-15.3,,,2.5
4907bc1-d3,john,101,3232.00,2251,2312,2280,smooth spline,,1366,-330,8.2,-15.1,,,2.5
4907bc1-d3,john,102,3264.00,2257,2318,2286,smooth spline,,1374,-336,8.2,-15.0,,,2.6
4907bc1-d3,john,103,3296.00,2263,2324,2292,smooth spline,,1382,-342,8.5,-15.0,,,2.5
4907bc1-d3,john,104,3328.00,2269,2330,2298,smooth spline,,1390,-348,8.7,-15.3,,,2.5
4907bc1-d3,john,105,3360.00,2274,2336,2304,smooth spline,,1398,-354,8.8,-14.7,,,2.6
4907bc1-d3,john,106,3392.00,2280,2341,2309,smooth spline,,1406,-359,8.8,-15.0,,,2.5
4907bc1-d3,john,107,3424.00,2285,2347,2315,smooth spline,,1413,-365,8.7,-15.0,,,2.6
4907bc1-d3,john,108,3456.00,2291,2353,2320,smooth spline,,1421,-370,8.8,-15.2,,,2.5
4907bc1-d3,john,109,3488.00,2296,2358,2326,smooth spline,,1429,-376,9.0,-15.1,,,2.6
4907bc1-d3,john,110,3520.00,2301,2364,2331,smooth spline,,1437,-381,8.5,-15.4,,,2.5
4907bc1-d3,john,111,3552.00,2306,2370,2336,smooth spline,,1445,-386,8.5,-15.1,,,2.5
4907bc1-d3,john,112,3584.00,2311,2375,2342,smooth spline,,1453,-392,9.8,-14.7,,,2.6
4907bc1-d3,john,113,3616.00,2317,2381,2347,smooth spline,,1461,-397,8.0,-15.0,,,2.4
4907bc1-d3,john,114,3648.00,2322,2386,2352,smooth spline,,1469,-402,8.6,-15.1,,,2.5
4907bc1-d3,john,115,3680.00,2327,2391,2357,smooth spline,,1477,-407,8.0,-15.5,,,2.5
4907bc1-d3,john,116,3712.00,2331,2396,2362,smooth spline,,1484,-412,8.2,-15.2,,,2.5
4907bc1-d3,john,117,3744.00,2336,2402,2367,smooth spline,,1492,-417,7.6,-15.2,,,2.5
4907bc1-d3,john,118,3776.00,2340,2407,2372,smooth spline,,1500,-422,7.4,-16.0,,,2.3
4907bc1-d3,john,119,3808.00,2345,2412,2376,smooth spline,,1508,-426,8.1,-15.8,,,2.6
4907bc1-d3,john,120,3840.00,2349,2417,2381,smooth spline,,1516,-431,8.3,-15.6,,,2.6
4907bc1-d3,john,121,3872.00,2353,2422,2386,smooth spline,,1524,-436,8.8,-14.8,,,2.4
4907bc1-d3,john,122,3904.00,2358,2427,2390,smooth spline,,1532,-440,8.6,-14.7,,,2.5
4907bc1-d3,john,123,3936.00,2362,2433,2395,smooth spline,,1540,-445,8.8,-14.4,,,2.3
4907bc1-d3,john,124,3968.00,2366,2437,2399,smooth spline,,1548,-449,9.2,-15.1,,,2.5
4907bc1-d3,john,125,4000.00,2370,2442,2404,smooth spline,,1556,-454,9.0,-14.7,,,2.4
4907bc1-d3,john,126,4032.00,2374,2447,2408,smooth spline,,1563,-458,8.4,-15.2,,,2.5
4907bc1-d3,john,127,4064.00,2377,2451,2413,smooth spline,,1571,-463,8.9,-15.9,,,2.7
4907bc1-d3,john,128,4096.00,2381,2455,2417,smooth spline,,1579,-467,8.4,-16.2,,,2.7
4907bc1-d3,john,129,4128.00,2385,2460,2421,smooth spline,,1587,-471,8.9,-15.9,,,2.7
4907bc1-d3,john,130,4160.00,2388,2465,2425,smooth spline,,1595,-475,8.8,-15.8,,,2.7
4907bc1-d3,john,131,4192.00,2391,2469,2429,smooth spline,,1603,-479,8.8,-15.4,,,2.7
4907bc1-d3,john,132,4224.00,2394,2473,2433,smooth spline,,1611,-483,8.6,-15.4,,,2.6
4907bc1-d3,john,133,4256.00,2398,2478,2437,smooth spline,,1619,-487,9.1,-15.6,,,2.7
4907bc1-d3,john,134,4288.00,2401,2483,2441,smooth spline,,1627,-491,9.1,-15.5,,,2.7
4907bc1-d3,john,135,4320.00,2404,2487,2445,smooth spline,,1634,-495,8.5,-16.2,,,5.8
4907bc1-d3,john,136,4352.00,2407,2491,2449,smooth spline,,1642,-499,8.6,-16.1,,,2.6
4907bc1-d3,john,137,4384.00,2410,2495,2453,smooth spline,,1650,-503,8.5,-15.6,,,2.7
4907bc1-d3,john,138,4416.00,2413,2499,2456,smooth spline,,1658,-506,7.7,-15.7,,,2.5
4907bc1-d3,john,139,4448.00,2416,2502,2460,smooth spline,,1666,-510,8.6,-15.7,,,2.6
4907bc1-d3,john,140,4480.00,2419,2506,2463,smooth spline,,1674,-513,8.6,-16.2,,,2.7
4907bc1-d3,john,141,4512.00,2422,2510,2467,smooth spline,,1682,-517,8.6,-15.4,,,2.7
4907bc1-d3,john,142,4544.00,2425,2514,2470,smooth spline,,1690,-520,8.9,-16.1,,,2.6
4907bc1-d3,john,143,4576.00,2428,2518,2474,smooth spline,,1698,-524,8.6,-16.0,,,2.6
4907bc1-d3,john,144,4608.00,2430,2522,2477,smooth spline,,1705,-527,8.8,-16.0,,,2.6
4907bc1-d3,john,145,4640.00,2433,2526,2481,smooth spline,,1713,-531,9.0,-16.1,,,2.6
4907bc1-d3,john,146,4672.00,2436,2530,2484,smooth spline,,1721,-534,9.6,-15.3,,,2.6
4907bc1-d3,john,147,4704.00,2438,2533,2487,smooth spline,,1729,-537,9.6,-16.2,,,5.8
4907bc1-d3,john,148,4736.00,2441,2537,2490,smooth spline,,1737,-540,9.6,-15.4,,,2.6
4907bc1-d3,john,149,4768.00,2444,2541,2493,smooth spline,,1745,-543,9.3,-16.1,,,2.5
4907bc1-d3,john,150,4800.00,2446,2544,2496,smooth spline,,1753,-546,8.6,-16.4,,,2.6
4907bc1-d3,john,151,4832.00,2449,2547,2499,smooth spline,,1761,-549,9.2,-16.0,,,2.6
4907bc1-d3,john,152,4864.00,2451,2550,2502,smooth spline,,1769,-552,8.4,-15.6,,,2.6
4907bc1-d3,john,153,4896.00,2453,2554,2505,smooth spline,,1776,-555,8.0,-16.1,,,2.5
4907bc1-d3,john,154,4928.00,2456,2557,2508,smooth spline,,1784,-558,8.5,-15.8,,,2.5
4907bc1-d3,john,155,4960.00,2458,2560,2511,smooth spline,,1792,-561,8.4,-15.5,,,2.4
4907bc1-d3,john,156,4992.00,2460,2563,2513,smooth spline,,1800,-563,8.4,-15.8,,,2.7
4907bc1-d3,john,157,5024.00,2463,2566,2516,smooth spline,,1808,-566,8.8,-16.0,,,2.6
4907bc1-d3,john,158,5056.00,2465,2569,2519,smooth spline,,1816,-569,8.5,-16.0,,,2.6
4907bc1-d3,john,159,5088.00,2467,2571,2521,smooth spline,,1824,-571,8.8,-15.9,,,5.8
4907bc1-d3,john,160,5120.00,2470,2574,2524,smooth spline,,1832,-574,8.4,-15.8,,,2.5
4907bc1-d3,john,161,5152.00,2472,2576,2526,smooth spline,,1840,-576,9.2,-15.3,,,2.6
4907bc1-d3,john,162,5184.00,2474,2578,2529,smooth spline,,1848,-579,9.0,-15.9,,,2.6
4907bc1-d3,john,163,5216.00,2476,2581,2531,smooth spline,,1855,-581,8.1,-16.0,,,2.7
4907bc1-d3,john,164,5248.00,2478,2584,2533,smooth spline,,1863,-583,8.3,-15.9,,,2.5
4907bc1-d3,john,165,5280.00,2480,2586,2536,smooth spline,,1871,-586,9.1,-15.6,,,2.5
4907bc1-d3,john,166,5312.00,2482,2589,2538,smooth spline,,1879,-588,8.7,-15.4,,,2.5
4907bc1-d3,john,167,5344.00,2485,2591,2540,smooth spline,,1887,-590,8.0,-16.3,,,5.8
4907bc1-d3,john,168,5376.00,2487,2593,2543,smooth spline,,1895,-593,8.1,-15.9,,,2.5
4907bc1-d3,john,169,5408.00,2490,2596,2545,smooth spline,,1903,-595,8.4,-15.6,,,2.5
4907bc1-d3,john,170,5440.00,2492,2598,2547,smooth spline,,1911,-597,9.3,-15.6,,,2.5
4907bc1-d3,john,171,5472.00,2495,2600,2550,smooth spline,,1919,-600,8.2,-16.1,,,2.5
4907bc1-d3,john,172,5504.00,2497,2602,2552,smooth spline,,1926,-602,8.1,-15.2,,,2.5
4907bc1-d3,john,173,5536.00,2499,2605,2554,smooth spline,,1934,-604,9.0,-15.2,,,2.4
4907bc1-d3,john,174,5568.00,2501,2607,2556,smooth spline,,1942,-606,8.2,-15.5,,,2.5
4907bc1-d3,john,175,5600.00,2504,2610,2558,smooth spline,,1950,-608,8.6,-15.7,,,2.5
4907bc1-d3,john,176,5632.00,2506,2612,2561,smooth spline,,1958,-611,8.8,-14.9,,,2.5
4907bc1-d3,john,177,5664.00,2509,2614,2563,smooth spline,,1966,-613,8.5,-15.5,,,2.5
4907bc1-d3,john,178,5696.00,2511,2616,2565,smooth spline,,1974,-615,7.9,-15.8,,,2.5
4907bc1-d3,john,179,5728.00,2513,2618,2567,smooth spline,,1982,-617,8.2,-15.4,,,2.6
4907bc1-d3,john,180,5760.00,2516,2619,2569,smooth spline,,1990,-619,8.4,-16.3,,,2.4
4907bc1-d3,john,181,5792.00,2519,2622,2572,smooth spline,,1997,-622,8.6,-15.5,,,2.4
4907bc1-d3,john,182,5824.00,2521,2624,2574,smooth spline,,2005,-624,8.6,-15.6,,,2.6
4907bc1-d3,john,183,5856.00,2524,2626,2576,smooth spline,,2013,-626,7.9,-15.9,,,2.5
4907bc1-d3,john,184,5888.00,2527,2628,2578,smooth spline,,2021,-628,7.8,-16.6,,,5.8
4907bc1-d3,john,185,5920.00,2529,2630,2580,smooth spline,,2029,-630,7.8,-16.3,,,2.6
4907bc1-d3,john,186,5952.00,2531,2632,2583,smooth spline,,2037,-633,7.7,-16.2,,,5.8
4907bc1-d3,john,187,5984.00,2534,2634,2585,smooth spline,,2045,-635,8.3,-16.2,,,2.6
4907bc1-d3,john,188,6016.00,2537,2636,2587,smooth spline,,2053,-637,8.1,-15.1,,,2.7
4907bc1-d3,john,189,6048.00,2540,2638,2590,smooth spline,,2061,-640,8.6,-15.2,,,2.5
4907bc1-d3,john,190,6080.00,2544,2640,2592,smooth spline,,2068,-642,8.2,-15.6,,,2.6
4907bc1-d3,john,191,6112.00,2547,2642,2594,smooth spline,,2076,-644,8.0,-16.0,,,2.6
4907bc1-d3,john,192,6144.00,2550,2644,2597,smooth spline,,2084,-647,8.7,-15.4,,,2.5
4907bc1-d3,john,193,6176.00,2553,2646,2599,smooth spline,,2092,-649,9.7,-15.3,,,2.0
4907bc1-d3,john,194,6208.00,2556,2648,2602,smooth spline,,2100,-652,7.9,-15.5,,,2.0
4907bc1-d3,john,195,6240.00,2559,2650,2604,smooth spline,,2108,-654,8.0,-15.8,,,1.9
4907bc1-d3,john,196,6272.00,2561,2652,2607,smooth spline,,2116,-657,8.1,-15.3,,,1.9
4907bc1-d3,john,197,6304.00,2564,2655,2609,smooth spline,,2124,-659,8.3,-15.3,,,1.9
4907bc1-d3,john,198,6336.00,2567,2656,2612,smooth spline,,2132,-662,7.8,-15.2,,,1.9
4907bc1-d3,john,199,6368.00,2569,2658,2614,smooth spline,,2140,-664,8.4,-15.3,,,1.9
4907bc1-d3,john,200,6400.00,2573,2661,2617,smooth spline,,2147,-667,8.3,-15.2,,,1.9
4907bc1-d3,john,201,6432.00,2576,2663,2620,smooth spline,,2155,-670,8.4,-15.3,,,1.9
4907bc1-d3,john,202,6464.00,2580,2666,2622,smooth spline,,2163,-672,8.0,-15.9,,,2.0
4907bc1-d3,john,203,6496.00,2583,2668,2625,smooth spline,,2171,-675,8.2,-15.7,,,1.8
4907bc1-d3,john,204,6528.00,2586,2671,2628,smooth spline,,2179,-678,8.2,-15.7,,,1.8
4907bc1-d3,john,205,6560.00,2589,2673,2631,smooth spline,,2187,-681,8.0,-15.6,,,1.8
4907bc1-d3,john,206,6592.00,2592,2675,2634,smooth spline,,2195,-684,8.3,-15.0,,,1.9
4907bc1-d3,john,207,6624.00,2596,2678,2636,smooth spline,,2203,-686,9.6,-15.3,,,2.6
4907bc1-d3,john,208,6656.00,2600,2680,2639,smooth spline,,2211,-689,8.4,-15.7,,,2.8
4907bc1-d3,john,209,6688.00,2603,2683,2642,smooth spline,,2218,-692,7.9,-16.0,,,2.7
4907bc1-d3,john,210,6720.00,2607,2685,2645,smooth spline,,2226,-695,8.5,-15.1,,,2.5
4907bc1-d3,john,211,6752.00,2610,2688,2649,smooth spline,,2234,-699,7.9,-15.9,,,2.5
4907bc1-d3,john,212,6784.00,2614,2691,2652,smooth spline,,2242,-702,8.7,-15.1,,,2.5
4907bc1-d3,john,213,6816.00,2618,2693,2655,smooth spline,,2250,-705,8.2,-15.5,,,2.5
4907bc1-d3,john,214,6848.00,2621,2696,2658,smooth spline,,2258,-708,8.2,-15.5,,,2.5
4907bc1-d3,john,215,6880.00,2625,2699,2661,smooth spline,,2266,-711,8.0,-15.7,,,2.5
4907bc1-d3,john,216,6912.00,2629,2701,2665,smooth spline,,2274,-715,7.7,-15.2,,,2.6
4907bc1-d3,john,217,6944.00,2633,2704,2668,smooth spline,,2282,-718,7.8,-14.9,,,2.5
4907bc1-d3,john,218,6976.00,2636,2707,2671,smooth spline,,2289,-721,8.5,-15.7,,,2.6
4907bc1-d3,john,219,7008.00,2639,2710,2675,smooth spline,,2297,-725,9.0,-15.5,,,2.7
4907bc1-d3,john,220,7040.00,2643,2713,2678,smooth spline,,2305,-728,7.9,-15.9,,,2.6
4907bc1-d3,john,221,7072.00,2647,2716,2682,smooth spline,,2313,-732,7.5,-15.6,,,2.5
4907bc1-d3,john,222,7104.00,2652,2719,2685,smooth spline,,2321,-735,7.1,-15.7,,,2.5
4907bc1-d3,john,223,7136.00,2655,2723,2689,smooth spline,,2329,-739,7.9,-15.4,,,5.8
4907bc1-d3,john,224,7168.00,2659,2726,2693,smooth spline,,2337,-743,7.9,-15.2,,,2.5
4907bc1-d3,john,225,7200.00,2663,2730,2696,smooth spline,,2345,-746,8.0,-15.7,,,2.5
4907bc1-d3,john,226,7232.00,2667,2733,2700,smooth spline,,2353,-750,7.5,-15.9,,,2.5
4907bc1-d3,john,227,7264.00,2671,2737,2704,smooth spline,,2361,-754,8.2,-15.2,,,2.6
4907bc1-d3,john,228,7296.00,2675,2741,2708,smooth spline,,2368,-758,7.9,-15.0,,,2.5
4907bc1-d3,john,229,7328.00,2679,2745,2712,smooth spline,,2376,-762,8.1,-15.3,,,2.5
4907bc1-d3,john,230,7360.00,2682,2749,2715,smooth spline,,2384,-765,7.3,-15.5,,,2.6
4907bc1-d3,john,231,7392.00,2686,2753,2719,smooth spline,,2392,-769,6.5,-15.6,,,2.6
4907bc1-d3,john,232,7424.00,2691,2757,2723,smooth spline,,2400,-773,7.9,-14.6,,,2.5
4907bc1-d3,john,233,7456.00,2695,2761,2727,smooth spline,,2408,-777,7.9,-15.1,,,2.6
4907bc1-d3,john,234,7488.00,2699,2764,2731,smooth spline,,2416,-781,8.8,-15.4,,,2.5
4907bc1-d3,john,235,7520.00,2703,2768,2735,smooth spline,,2424,-785,9.8,-14.9,,,2.4
4907bc1-d3,john,236,7552.00,2707,2772,2739,smooth spline,,2432,-789,8.9,-14.7,,,2.5
4907bc1-d3,john,237,7584.00,2711,2777,2744,smooth spline,,2439,-794,8.0,-15.1,,,2.5
4907bc1-d3,john,238,7616.00,2714,2781,2748,smooth spline,,2447,-798,8.5,-15.0,,,2.6
4907bc1-d3,john,239,7648.00,2719,2786,2752,smooth spline,,2455,-802,8.1,-15.1,,,2.5
4907bc1-d3,john,240,7680.00,2722,2790,2756,smooth spline,,2463,-806,8.0,-15.1,,,2.5
4907bc1-d3,john,241,7712.00,2726,2795,2760,smooth spline,,2471,-810,7.8,-15.6,,,2.5
4907bc1-d3,john,242,7744.00,2730,2800,2765,smooth spline,,2479,-815,7.5,-15.4,,,2.5
4907bc1-d3,john,243,7776.00,2734,2804,2769,smooth spline,,2487,-819,8.2,-15.4,,,2.5
4907bc1-d3,john,244,7808.00,2737,2808,2773,smooth spline,,2495,-823,8.6,-15.1,,,2.5
4907bc1-d3,john,245,7840.00,2741,2812,2777,smooth spline,,2503,-827,7.6,-15.3,,,2.5
4907bc1-d3,john,246,7872.00,2744,2817,2782,smooth spline,,2510,-832,8.2,-15.1,,,2.5
4907bc1-d3,john,247,7904.00,2748,2821,2786,smooth spline,,2518,-836,7.6,-15.3,,,2.5
4907bc1-d3,john,248,7936.00,2751,2826,2790,smooth spline,,2526,-840,7.3,-15.4,,,2.5
4907bc1-d3,john,249,7968.00,2754,2831,2794,smooth spline,,2534,-844,7.6,-15.6,,,
4907bc1-d3,john,250,8000.00,2757,2836,2799,smooth spline,,2542,-849,8.0,-15.4,,,2.6
4907bc1-d3,john,251,8032.00,2761,2840,2803,smooth spline,,2550,-853,7.3,-16.5,,,2.4
4907bc1-d3,john,252,8064.00,2765,2845,2807,smooth spline,,2558,-857,7.7,-15.7,,,2.6
4907bc1-d3,john,253,8096.00,2768,2850,2812,smooth spline,,2566,-862,7.8,-16.0,,,2.5
4907bc1-d3,john,254,8128.00,2772,2855,2816,smooth spline,,2574,-866,8.1,-16.0,,,2.7
4907bc1-d3,john,255,8160.00,2775,2860,2820,smooth spline,,2581,-870,7.5,-15.9,,,2.5
4907bc1-d3,john,256,8192.00,2779,2866,2824,smooth spline,,2589,-874,8.2,-15.9,,,2.6
4907bc1-d3,john,257,8224.00,2783,2871,2829,smooth spline,,2597,-879,7.8,-15.5,,,2.6
4907bc1-d3,john,258,8256.00,2786,2876,2833,smooth spline,,2605,-883,8.3,-15.7,,,2.6
4907bc1-d3,john,259,8288.00,2789,2881,2837,smooth spline,,2613,-887,7.7,-15.5,,,2.6
4907bc1-d3,john,260,8320.00,2792,2886,2842,smooth spline,,2621,-892,7.7,-16.3,,,2.5
4907bc1-d3,john,261,8352.00,2796,2891,2846,smooth spline,,2629,-896,8.2,-15.9,,,2.5
4907bc1-d3,john,262,8384.00,2799,2897,2850,smooth spline,,2637,-900,7.5,-16.5,,,2.4
4907bc1-d3,john,263,8416.00,2802,2903,2854,smooth spline,,2645,-904,8.2,-15.5,,,2.5
4907bc1-d3,john,264,8448.00,2805,2908,2859,smooth spline,,2653,-909,8.1,-15.6,,,2.5
4907bc1-d3,john,265,8480.00,2807,2914,2863,smooth spline,,2660,-913,8.1,-15.4,,,2.5
4907bc1-d3,john,266,8512.00,2810,2919,2867,smooth spline,,2668,-917,8.4,-15.4,,,2.5
4907bc1-d3,john,267,8544.00,2813,2924,2872,smooth spline,,2676,-922,7.7,-15.3,,,2.5
4907bc1-d3,john,268,8576.00,2817,2930,2876,smooth spline,,2684,-926,8.2,-15.1,,,2.5
4907bc1-d3,john,269,8608.00,2820,2936,2880,smooth spline,,2692,-930,8.3,-15.6,,,2.5
4907bc1-d3,john,270,8640.00,2823,2941,2884,smooth spline,,2700,-934,8.0,-15.5,,,2.6
4907bc1-d3,john,271,8672.00,2826,2946,2889,smooth spline,,2708,-939,7.9,-15.6,,,2.5
4907bc1-d3,john,272,8704.00,2830,2952,2893,smooth spline,,2716,-943,8.1,-15.1,,,2.5
4907bc1-d3,john,273,8736.00,2833,2958,2897,smooth spline,,2724,-947,7.6,-15.9,,,2.5
4907bc1-d3,john,274,8768.00,2836,2963,2902,smooth spline,,2731,-952,7.7,-16.1,,,2.5
4907bc1-d3,john,275,8800.00,2839,2969,2906,smooth spline,,2739,-956,7.2,-16.1,,,2.5
4907bc1-d3,john,276,8832.00,2842,2975,2910,smooth spline,,2747,-960,7.8,-15.6,,,2.6
4907bc1-d3,john,277,8864.00,2846,2981,2914,smooth spline,,2755,-964,7.5,-15.9,,,2.6
4907bc1-d3,john,278,8896.00,2849,2986,2919,smooth spline,,2763,-969,7.2,-16.3,,,
4907bc1-d3,john,279,8928.00,2853,2992,2923,smooth spline,,2771,-973,7.8,-15.5,,,2.5
4907bc1-d3,john,280,8960.00,2856,2997,2927,smooth spline,,2779,-977,7.8,-15.4,,,2.6
4907bc1-d3,john,281,8992.00,2859,3002,2932,smooth spline,,2787,-982,7.7,-15.1,,,2.5
4907bc1-d3,john,282,9024.00,2862,3008,2936,smooth spline,,2795,-986,7.5,-15.7,,,2.6
4907bc1-d3,john,283,9056.00,2866,3013,2940,smooth spline,,2802,-990,7.6,-16.3,,,2.6
4907bc1-d3,john,284,9088.00,2869,3018,2944,smooth spline,,2810,-994,7.2,-15.5,,,2.6
4907bc1-d3,john,285,9120.00,2872,3024,2949,smooth spline,,2818,-999,8.4,-16.0,,,2.5
4907bc1-d3,john,286,9152.00,2874,3029,2953,smooth spline,,2826,-1003,7.5,-16.6,,,2.5
4907bc1-d3,john,287,9184.00,2877,3035,2957,smooth spline,,2834,-1007,8.0,-16.1,,,2.6
4907bc1-d3,john,288,9216.00,2879,3041,2962,smooth spline,,2842,-1012,8.1,-15.6,,,2.5
4907bc1-d3,john,289,9248.00,2882,3047,2966,smooth spline,,2850,-1016,8.0,-15.1,,,2.6
4907bc1-d3,john,290,9280.00,2885,3053,2970,smooth spline,,2858,-1020,7.7,-15.3,,,2.5
4907bc1-d3,john,291,9312.00,2887,3059,2974,smooth spline,,2866,-1024,7.4,-15.6,,,2.5
4907bc1-d3,john,292,9344.00,2890,3065,2979,smooth spline,,2873,-1029,7.8,-15.8,,,2.5
4907bc1-d3,john,293,9376.00,2892,3070,2983,smooth spline,,2881,-1033,8.3,-15.2,,,2.5
4907bc1-d3,john,294,9408.00,2895,3076,2987,smooth spline,,2889,-1037,7.1,-15.3,,,2.5
4907bc1-d3,john,295,9440.00,2898,3081,2992,smooth spline,,2897,-1042,7.1,-15.2,,,2.5
4907bc1-d3,john,296,9472.00,2902,3087,2996,smooth spline,,2905,-1046,6.8,-16.0,,,2.5
4907bc1-d3,john,297,9504.00,2905,3092,3000,smooth spline,,2913,-1050,7.6,-15.3,,,2.6
4907bc1-d3,john,298,9536.00,2908,3098,3004,smooth spline,,2921,-1054,7.0,-16.0,,,2.5
4907bc1-d3,john,299,9568.00,2911,3104,3009,smooth spline,,2929,-1059,7.4,-15.7,,,2.4
4907bc1-d3,john,300,9600.00,2914,3110,3013,smooth spline,,2937,-1063,7.7,-15.7,,,2.6
4907bc1-d3,john,301,9632.00,2917,3116,3017,smooth spline,,2945,-1067,7.8,-16.0,,,2.5
4907bc1-d3,john,302,9664.00,2920,3122,3022,smooth spline,,2952,-1072,8.8,-14.4,,,2.5
4907bc1-d3,john,303,9696.00,2923,3128,3026,smooth spline,,2960,-1076,8.1,-15.4,,,2.6
4907bc1-d3,john,304,9728.00,2927,3134,3030,smooth spline,,2968,-1080,8.4,-15.1,,,2.5
4907bc1-d3,john,305,9760.00,2930,3139,3035,smooth spline,,2976,-1085,8.2,-15.0,,,2.6
4907bc1-d3,john,306,9792.00,2933,3145,3039,smooth spline,,2984,-1089,9.0,-14.6,,,2.5
4907bc1-d3,john,307,9824.00,2936,3151,3043,smooth spline,,2992,-1093,8.9,-15.2,,,2.6
4907bc1-d3,john,308,9856.00,2939,3157,3047,smooth spline,,3000,-1097,7.9,-15.6,,,2.6
4907bc1-d3,john,309,9888.00,2942,3162,3052,smooth spline,,3008,-1102,7.5,-15.3,,,2.5
4907bc1-d3,john,310,9920.00,2945,3168,3056,smooth spline,,3016,-1106,8.2,-17.1,,,2.6
4907bc1-d3,john,311,9952.00,2948,3174,3060,smooth spline,,3023,-1110,7.9,-16.7,,,2.6
4907bc1-d3,john,312,9984.00,2952,3179,3065,smooth spline,,3031,-1115,7.9,-17.2,,,2.6
4907bc1-d3,john,313,10016.00,2955,3185,3069,smooth spline,,3039,-1119,8.2,-17.1,,,2.6
4907bc1-d3,john,314,10048.00,2958,3191,3073,smooth spline,,3047,-1123,7.5,-16.1,,,2.6
4907bc1-d3,john,315,10080.00,2961,3196,3077,smooth spline,,3055,-1127,7.5,-17.7,,,2.6
4907bc1-d3,john,316,10112.00,2964,3202,3082,smooth spline,,3063,-1132,7.3,-16.9,,,2.6
4907bc1-d3,john,317,10144.00,2967,3208,3086,smooth spline,,3071,-1136,7.2,-17.7,,,2.6
4907bc1-d3,john,318,10176.00,2969,3213,3090,smooth spline,,3079,-1140,7.3,-17.3,,,2.6
4904bc1-d2,john,1,0.03,-232,231,-57,linear,,,2007,9.2,-16.9,,,
4904bc1-d2,john,2,0.06,-228,234,-53,linear,,,2003,9.2,-16.8,,,
4904bc1-d2,john,3,0.09,-223,238,-48,linear,,,1998,9.3,-16.7,,,
4904bc1-d2,john,4,0.12,-218,241,-44,linear,,,1994,8.9,-16.4,,,
4904bc1-d2,john,5,0.15,-214,244,-40,linear,,,1990,9.3,-16.8,,,
4904bc1-d2,john,6,0.17,-209,247,-36,linear,,,1986,9.4,-16.6,,,
4904bc1-d2,john,7,0.20,-204,250,-32,linear,,,1982,9.5,-17.0,,,
4904bc1-d2,john,8,0.23,-200,254,-28,linear,,,1978,10.2,-16.5,,,
4904bc1-d2,john,9,0.26,-195,257,-24,linear,,,1974,9.1,-16.6,,,
4904bc1-d2,john,10,0.29,-191,260,-19,linear,,,1969,9.2,-16.7,,,
4904bc1-d2,john,11,0.32,-186,263,-15,linear,,,1965,9.1,-16.3,,,
4904bc1-d2,john,12,0.35,-181,266,-11,linear,,,1961,9.7,-16.3,,,
4904bc1-d2,john,13,0.38,-177,270,-7,linear,,,1957,9.0,-16.3,,,
4904bc1-d2,john,14,0.41,-172,273,-3,linear,,,1953,9.2,-16.2,,,
4904bc1-d2,john,15,0.44,-167,276,1,linear,,,1949,9.4,-16.0,,,
4904bc1-d2,john,16,0.46,-163,279,5,linear,,,1945,8.9,-16.2,,,
4904bc1-d2,john,17,0.49,-158,282,9,linear,,,1941,8.7,-15.8,,,
4904bc1-d2,john,18,0.52,-153,285,14,linear,,,1936,9.4,-15.4,,,
4904bc1-d2,john,19,0.55,-149,289,18,linear,,,1932,8.4,-15.6,,,
4904bc1-d2,john,20,0.58,-144,292,22,linear,,,1928,8.6,-16.1,,,
4904bc1-d2,john,21,0.61,-140,295,26,linear,,,1924,8.6,-15.7,,,
4904bc1-d2,john,22,0.64,-135,298,30,linear,,,1920,9.1,-15.8,,,
4904bc1-d2,john,23,0.67,-131,301,34,linear,,,1916,8.3,-15.6,,,
4904bc1-d2,john,24,0.70,-126,305,38,linear,,,1912,8.4,-16.1,,,
4904bc1-d2,john,25,0.73,-121,308,43,linear,,,1907,8.4,-15.8,,,
4904bc1-d2,john,26,0.75,-117,311,47,linear,,,1903,8.5,-15.6,,,
4904bc1-d2,john,27,0.78,-112,314,51,linear,,,1899,8.6,-15.5,,,
4904bc1-d2,john,28,0.81,-108,317,55,linear,,,1895,9.6,-15.2,,,
4904bc1-d2,john,29,0.84,-103,321,59,linear,,,1891,8.1,-15.7,,,
4904bc1-d2,john,30,0.87,-99,324,63,linear,,,1887,8.5,-15.3,,,
4904bc1-d2,john,31,0.90,-94,327,67,linear,,,1883,8.5,-15.5,,,
4904bc1-d2,john,32,0.93,-89,330,71,linear,,,1879,8.1,-15.1,,,
4904bc1-d2,john,33,0.96,-84,333,76,linear,,,1874,8.3,-15.0,,,
4904bc1-d2,john,34,0.99,-80,337,80,linear,,,1870,8.0,-15.3,,,
4904bc1-d2,john,35,1.02,-75,340,84,linear,,,1866,8.5,-15.3,,,
4904bc1-d2,john,36,1.04,-70,344,88,linear,,,1862,8.2,-15.6,,,
4904bc1-d2,john,37,1.07,-66,347,92,linear,,,1858,9.2,-15.2,,,
4904bc1-d2,john,38,1.10,-61,350,96,linear,,,1854,8.5,-15.3,,,
4904bc1-d2,john,39,1.13,-56,354,100,linear,,,1850,8.0,-15.3,,,
4904bc1-d2,john,40,1.16,-52,357,104,linear,,,1846,8.5,-15.3,,,
4904bc1-d2,john,41,1.19,-47,360,109,linear,,,1841,8.6,-15.2,,,
4904bc1-d2,john,42,1.22,-42,364,113,linear,,,1837,8.8,-15.6,,,
4904bc1-d2,john,43,1.25,-38,367,117,linear,,,1833,8.8,-15.1,,,
4904bc1-d2,john,44,1.28,-33,371,121,linear,,,1829,8.6,-15.4,,,
4904bc1-d2,john,45,1.31,-28,374,125,linear,,,1825,7.9,-15.5,,,
4904bc1-d2,john,46,1.33,-23,377,129,linear,,,1821,8.9,,,,
4904bc1-d2,john,47,1.36,-19,381,133,linear,,,1817,8.6,-15.1,,,
4904bc1-d2,john,48,1.39,-14,384,138,linear,,,1812,8.6,-15.2,,,
4904bc1-d2,john,49,1.42,-9,387,142,linear,,,1808,7.8,-15.4,,,
4904bc1-d2,john,50,1.45,-5,391,146,linear,,,1804,8.3,-15.6,,,
4904bc1-d2,john,51,1.48,0,394,150,linear,,,1800,8.2,-15.4,,,
4904bc1-d2,john,52,1.51,5,398,154,linear,,,1796,8.4,-15.5,,,
4904bc1-d2,john,53,1.54,9,401,158,linear,,,1792,8.7,-15.5,,,
4904bc1-d2,john,54,1.57,14,404,162,linear,,,1788,8.0,-15.4,,,
4904bc1-d2,john,55,1.60,19,408,166,linear,,,1784,8.5,-15.4,,,
4904bc1-d2,john,56,1.62,23,411,171,linear,,,1779,8.2,-15.3,,,
4904bc1-d2,john,57,1.65,28,414,175,linear,,,1775,8.2,-15.8,,,
4904bc1-d2,john,58,1.68,33,418,179,linear,,,1771,9.0,-15.6,,,
4904bc1-d2,john,59,1.71,38,421,183,linear,,,1767,8.5,-15.8,,,
4904bc1-d2,john,60,1.74,42,425,187,linear,,,1763,9.0,-15.6,,,
4904bc1-d2,john,61,1.77,47,428,191,linear,,,1759,9.5,-15.7,,,
4904bc1-d2,john,62,1.80,52,431,195,linear,,,1755,8.4,-15.5,,,
4904bc1-d2,john,63,1.83,56,435,200,linear,,,1750,7.6,-15.7,,,
4904bc1-d2,john,64,1.86,61,438,204,linear,,,1746,8.2,-15.5,,,
4904bc1-d2,john,65,1.89,66,441,208,linear,,,1742,8.5,-15.5,,,
4904bc1-d2,john,66,1.91,70,445,212,linear,,,1738,8.9,-15.4,,,
4904bc1-d2,john,67,1.94,75,448,216,linear,,,1734,8.3,-15.4,,,
4904bc1-d2,john,68,1.97,80,451,220,linear,,,1730,7.2,-15.9,,,
4904bc1-d2,john,69,2.00,84,455,224,linear,,,1726,7.7,-15.8,,,
4904bc1-d2,john,70,2.03,89,458,228,linear,,,1722,8.2,-15.7,,,
4904bc1-d2,john,71,2.06,94,462,233,linear,,,1717,7.7,-15.7,,,
4904bc1-d2,john,72,2.09,98,465,237,linear,,,1713,7.7,-15.5,,,
4904bc1-d2,john,73,2.12,103,468,241,linear,,,1709,8.7,-15.6,,,
4904bc1-d2,john,74,2.15,108,472,245,linear,,,1705,8.2,-15.6,,,
4904bc1-d2,john,75,2.18,112,475,249,linear,,,1701,8.3,-15.6,,,
4904bc1-d2,john,76,2.20,117,478,253,linear,,,1697,8.6,-15.4,,,
4904bc1-d2,john,77,2.23,122,481,257,linear,,,1693,8.7,-15.1,,,
4904bc1-d2,john,78,2.26,127,485,261,linear,,,1689,8.6,-15.1,,,
4904bc1-d2,john,79,2.29,131,488,266,linear,,,1684,8.4,-15.1,,,
4904bc1-d2,john,80,2.32,136,491,270,linear,,,1680,8.3,-15.6,,,
4904bc1-d2,john,81,2.35,141,494,274,linear,,,1676,8.5,-15.4,,,
4904bc1-d2,john,82,2.38,145,497,278,linear,,,1672,9.2,-15.3,,,
4904bc1-d2,john,83,2.41,150,500,282,linear,,,1668,8.3,-15.5,,,
4904bc1-d2,john,84,2.44,155,504,286,linear,,,1664,8.2,-15.5,,,
4904bc1-d2,john,85,2.47,159,507,290,linear,,,1660,9.0,-15.4,,,
4904bc1-d2,john,86,2.49,164,510,295,linear,,,1655,8.4,-15.6,,,
4904bc1-d2,john,87,2.52,169,513,299,linear,,,1651,8.7,-15.5,,,
4904bc1-d2,john,88,2.55,173,516,303,linear,,,1647,8.3,-15.6,,,
4904bc1-d2,john,89,2.58,178,519,307,linear,,,1643,8.1,-15.4,,,
4904bc1-d2,john,90,2.61,183,522,311,linear,,,1639,8.3,-15.6,,,
4904bc1-d2,john,91,2.64,188,525,315,linear,,,1635,8.4,-15.5,,,
4904bc1-d2,john,92,2.67,192,529,319,linear,,,1631,9.4,-15.1,,,
4904bc1-d2,john,93,2.70,197,532,323,linear,,,1627,8.3,-15.6,,,
4904bc1-d2,john,94,2.73,202,535,328,linear,,,1622,8.8,-15.6,,,
4904bc1-d2,john,95,2.76,207,538,332,linear,,,1618,9.0,-15.6,,,
4904bc1-d2,john,96,2.78,212,541,336,linear,,,1614,8.8,-15.5,,,
4904bc1-d2,john,97,2.81,216,544,340,linear,,,1610,8.6,-15.4,,,
4904bc1-d2,john,98,2.84,221,547,344,linear,,,1606,8.7,-15.8,,,
4904bc1-d2,john,99,2.87,226,550,348,linear,,,1602,8.8,-15.6,,,
4904bc1-d2,john,100,2.90,231,553,352,linear,,,1598,7.9,-15.5,,,
4904bc1-d2,john,101,2.93,235,556,357,linear,,,1593,9.4,-15.0,,,
4904bc1-d2,john,102,2.96,240,560,361,linear,,,1589,9.2,-15.6,,,
4904bc1-d2,john,103,2.99,244,563,365,linear,,,1585,8.0,-15.6,,,
4904bc1-d2,john,104,3.02,249,566,369,linear,,,1581,9.0,-15.6,,,
4904bc1-d2,john,105,3.05,253,569,373,linear,,,1577,8.3,-15.7,,,
4904bc1-d2,john,106,3.07,258,572,377,linear,,,1573,9.1,-15.8,,,
4904bc1-d2,john,107,3.10,263,575,381,linear,,,1569,8.9,-15.5,,,
4904bc1-d2,john,108,3.13,267,578,385,linear,,,1565,8.7,-15.4,,,
4904bc1-d2,john,109,3.16,272,581,390,linear,,,1560,9.2,-15.4,,,
4904bc1-d2,john,110,3.19,277,584,394,linear,,,1556,8.5,-15.1,,,
4904bc1-d2,john,111,3.22,281,587,398,linear,,,1552,8.9,-15.8,,,
4904bc1-d2,john,112,3.25,286,591,402,linear,,,1548,8.7,-15.1,,,
4904bc1-d2,john,113,3.28,290,594,406,linear,,,1544,8.8,-15.5,,,
4904bc1-d2,john,114,3.31,295,597,410,linear,,,1540,8.5,-15.3,,,
4904bc1-d2,john,115,3.34,299,600,414,linear,,,1536,8.6,-15.5,,,
4904bc1-d2,john,116,3.36,304,603,419,linear,,,1531,8.0,-16.1,,,
4904bc1-d2,john,117,3.39,308,606,423,linear,,,1527,7.8,-15.8,,,
4904bc1-d2,john,118,3.42,313,609,427,linear,,,1523,8.7,-15.8,,,
4904bc1-d2,john,119,3.45,318,612,431,linear,,,1519,8.7,-15.9,,,
4904bc1-d2,john,120,3.48,322,615,435,linear,,,1515,8.8,-15.6,,,
4904bc1-d2,john,121,3.51,327,618,439,linear,,,1511,9.0,-15.6,,,
4904bc1-d2,john,122,3.54,331,622,443,linear,,,1507,8.9,-15.6,,,
4904bc1-d2,john,123,3.57,336,625,447,linear,,,1503,8.4,-15.7,,,
4904bc1-d2,john,124,3.60,341,628,452,linear,,,1498,8.3,-15.6,,,
4904bc1-d2,john,125,3.63,345,631,456,linear,,,1494,8.6,,,,
4904bc1-d2,john,126,3.65,350,634,460,linear,,,1490,9.1,-15.4,,,
4904bc1-d2,john,127,3.68,354,637,464,linear,,,1486,8.2,-15.8,,,
4904bc1-d2,john,128,3.71,359,640,468,linear,,,1482,8.9,-15.6,,,
4904bc1-d2,john,129,3.74,363,643,472,linear,,,1478,8.5,-15.2,,,
4904bc1-d2,john,130,3.77,368,646,476,linear,,,1474,7.7,-16.1,,,
4904bc1-d2,john,131,3.80,372,649,480,linear,,,1470,9.1,-15.8,,,
4904bc1-d2,john,132,3.83,377,652,485,linear,,,1465,9.1,-15.6,,,
4904bc1-d2,john,133,3.86,382,656,489,linear,,,1461,8.9,-15.7,,,
4904bc1-d2,john,134,3.89,386,659,493,linear,,,1457,8.7,-15.8,,,
4904bc1-d2,john,135,3.92,391,662,497,linear,,,1453,8.7,-15.6,,,
4904bc1-d2,john,136,3.94,395,665,501,linear,,,1449,8.8,-15.8,,,
4904bc1-d2,john,137,3.97,400,668,505,linear,,,1445,8.8,-15.5,,,
4904bc1-d2,john,138,4.00,404,671,509,linear,,,1441,9.5,-15.4,,,
4904bc1-d2,john,139,4.03,408,674,514,linear,,,1436,8.7,-14.9,,,
4904bc1-d2,john,140,4.06,413,677,518,linear,,,1432,8.5,-15.9,,,
4904bc1-d2,john,141,4.09,417,680,522,linear,,,1428,8.2,-15.6,,,
4904bc1-d2,john,142,4.12,421,683,526,linear,,,1424,8.9,-15.7,,,
4904bc1-d2,john,143,4.15,426,686,530,linear,,,1420,8.1,-15.9,,,
4904bc1-d2,john,144,4.18,430,689,534,linear,,,1416,8.8,-15.6,,,
4904bc1-d2,john,145,4.21,434,693,538,linear,,,1412,8.3,-15.7,,,
4904bc1-d2,john,146,4.23,438,696,542,linear,,,1408,8.4,-15.5,,,
4904bc1-d2,john,147,4.26,443,699,547,linear,,,1403,8.4,-15.4,,,
4904bc1-d2,john,148,4.29,447,702,551,linear,,,1399,8.3,-15.7,,,
4904bc1-d2,john,149,4.32,451,705,555,linear,,,1395,8.7,-15.5,,,
4904bc1-d2,john,150,4.35,456,708,559,linear,,,1391,8.6,-15.5,,,
4904bc1-d2,john,151,4.38,460,711,563,linear,,,1387,8.5,-15.5,,,
4904bc1-d2,john,152,4.41,465,714,567,linear,,,1383,9.2,-15.5,,,
4904bc1-d2,john,153,4.44,469,718,571,linear,,,1379,8.4,-15.9,,,
4904bc1-d2,john,154,4.47,474,721,576,linear,,,1374,8.7,-15.5,,,
4904bc1-d2,john,155,4.50,478,725,580,linear,,,1370,8.4,-15.6,,,
4904bc1-d2,john,156,4.52,482,728,584,linear,,,1366,8.7,-15.6,,,
4904bc1-d2,john,157,4.55,487,731,588,linear,,,1362,8.7,-15.4,,,
4904bc1-d2,john,158,4.58,491,735,592,linear,,,1358,8.8,-15.8,,,
4904bc1-d2,john,159,4.61,496,738,596,linear,,,1354,8.3,-15.5,,,
4904bc1-d2,john,160,4.64,500,742,600,linear,,,1350,9.0,-15.5,,,
4904bc1-d2,john,161,4.67,504,745,604,linear,,,1346,7.7,-15.9,,,
4904bc1-d2,john,162,4.70,509,748,609,linear,,,1341,8.6,-15.3,,,
4904bc1-d2,john,163,4.73,514,752,613,linear,,,1337,8.6,-15.3,,,
4904bc1-d2,john,164,4.76,518,755,617,linear,,,1333,7.8,-16.0,,,
4904bc1-d2,john,165,4.79,523,758,621,linear,,,1329,7.8,-15.5,,,
4904bc1-d2,john,166,4.81,527,762,625,linear,,,1325,8.0,-15.5,,,
4904bc1-d2,john,167,4.84,532,765,629,linear,,,1321,8.2,-15.4,,,
4904bc1-d2,john,168,4.87,537,768,633,linear,,,1317,8.3,-15.4,,,
4904bc1-d2,john,169,4.90,541,771,637,linear,,,1313,8.3,-15.5,,,
4904bc1-d2,john,170,4.93,546,774,642,linear,,,1308,8.2,-15.7,,,
4904bc1-d2,john,171,4.96,551,777,646,linear,,,1304,8.1,-15.8,,,
4904bc1-d2,john,172,4.99,556,779,650,linear,,,1300,8.3,-15.7,,,
4904bc1-d2,john,173,5.02,560,782,654,linear,,,1296,7.8,-16.0,,,
4904bc1-d2,john,174,5.05,565,785,658,linear,,,1292,8.1,-15.5,,,
4904bc1-d2,john,175,5.08,570,787,662,linear,,,1288,7.9,-15.8,,,
4904bc1-d2,john,176,5.10,574,790,666,linear,,,1284,8.3,-15.6,,,
4904bc1-d2,john,177,5.13,579,794,671,linear,,,1279,7.9,-15.7,,,
4904bc1-d2,john,178,5.16,583,797,675,linear,,,1275,8.7,-15.6,,,
4904bc1-d2,john,179,5.19,588,801,679,linear,,,1271,8.5,-15.3,,,
4904bc1-d2,john,180,5.22,593,804,683,linear,,,1267,8.9,-15.3,,,
4904bc1-d2,john,181,5.25,597,808,687,linear,,,1263,7.6,-15.9,,,
4904bc1-d2,john,182,5.28,601,811,691,linear,,,1259,8.3,-15.7,,,
4904bc1-d2,john,183,5.31,605,814,695,linear,,,1255,8.4,-15.9,,,
4904bc1-d2,john,184,5.34,610,818,699,linear,,,1251,8.5,-15.7,,,
4904bc1-d2,john,185,5.37,615,821,704,linear,,,1246,8.6,-15.8,,,
4904bc1-d2,john,186,5.39,619,825,708,linear,,,1242,8.3,-15.4,,,
4904bc1-d2,john,187,5.42,624,828,712,linear,,,1238,8.0,-15.3,,,
4904bc1-d2,john,188,5.45,628,832,716,linear,,,1234,8.8,-15.3,,,
4904bc1-d2,john,189,5.48,633,835,720,linear,,,1230,9.1,-14.9,,,
4904bc1-d2,john,190,5.51,637,839,724,linear,,,1226,8.0,-15.3,,,
4904bc1-d2,john,191,5.54,642,842,728,linear,,,1222,8.2,-15.6,,,
4904bc1-d2,john,192,5.57,646,845,733,linear,,,1217,,,,,
4904bc1-d2,john,193,5.60,650,848,737,linear,,,1213,8.7,-15.5,,,
4904bc1-d2,john,194,5.63,654,851,741,linear,,,1209,8.4,-15.4,,,
4904bc1-d2,john,195,5.66,659,854,745,linear,,,1205,9.0,-15.4,,,
4904bc1-d2,john,196,5.68,663,858,749,linear,,,1201,8.6,-15.6,,,
4904bc1-d2,john,197,5.71,667,861,753,linear,,,1197,8.8,-15.7,,,
4904bc1-d2,john,198,5.74,671,864,757,linear,,,1193,8.9,-15.5,,,
4904bc1-d2,john,199,5.77,675,867,761,linear,,,1189,8.6,-15.6,,,
4904bc1-d2,john,200,5.80,680,871,766,linear,,,1184,8.2,-15.6,,,
4904bc1-d2,john,201,5.83,684,874,770,linear,,,1180,8.8,-15.2,,,
4904bc1-d2,john,202,5.86,688,877,774,linear,,,1176,8.7,-15.4,,,
4904bc1-d2,john,203,5.89,693,880,778,linear,,,1172,8.0,-15.7,,,
4904bc1-d2,john,204,5.92,697,884,782,linear,,,1168,8.3,-15.4,,,
4904bc1-d2,john,205,5.95,702,888,786,linear,,,1164,8.5,-15.4,,,
4904bc1-d2,john,206,5.97,706,891,790,linear,,,1160,8.4,-15.7,,,
4904bc1-d2,john,207,6.00,710,894,794,linear,,,1156,8.8,-15.6,,,
4904bc1-d2,john,208,6.03,715,899,799,linear,,,1151,8.3,-14.9,,,
4904bc1-d2,john,209,6.06,719,902,803,linear,,,1147,8.4,-15.5,,,
4904bc1-d2,john,210,6.09,723,905,807,linear,,,1143,7.4,-15.9,,,
4904bc1-d2,john,211,6.12,728,908,811,linear,,,1139,8.0,-15.7,,,
4904bc1-d2,john,212,6.15,732,911,815,linear,,,1135,8.2,-15.9,,,
4904bc1-d2,john,213,6.18,737,914,819,linear,,,1131,7.9,-15.0,,,
4904bc1-d2,john,214,6.21,741,917,823,linear,,,1127,8.1,-15.7,,,
4904bc1-d2,john,215,6.24,746,920,828,linear,,,1122,7.5,-15.8,,,
4904bc1-d2,john,216,6.26,750,924,832,linear,,,1118,8.6,-15.6,,,
4904bc1-d2,john,217,6.29,755,927,836,linear,,,1114,8.8,-15.1,,,
4904bc1-d2,john,218,6.32,759,930,840,linear,,,1110,8.4,-15.5,,,
4904bc1-d2,john,219,6.35,764,933,844,linear,,,1106,8.1,-15.9,,,
4904bc1-d2,john,220,6.38,769,937,848,linear,,,1102,8.3,-15.5,,,
4904bc1-d2,john,221,6.41,773,940,852,linear,,,1098,8.2,-15.2,,,
4904bc1-d2,john,222,6.44,778,944,856,linear,,,1094,8.4,-15.3,,,
4904bc1-d2,john,223,6.47,782,949,861,linear,,,1089,8.3,-15.4,,,
4904bc1-d2,john,224,6.50,787,952,865,linear,,,1085,7.9,-15.6,,,
4904bc1-d2,john,225,6.53,792,955,869,linear,,,1081,8.2,-15.7,,,
4904bc1-d2,john,226,6.55,796,959,873,linear,,,1077,9.0,-15.2,,,
4904bc1-d2,john,227,6.58,801,962,877,linear,,,1073,8.4,-15.4,,,
4904bc1-d2,john,228,6.61,805,965,881,linear,,,1069,8.4,-15.6,,,
4904bc1-d2,john,229,6.64,810,969,885,linear,,,1065,8.9,-15.0,,,
4904bc1-d2,john,230,6.67,814,972,890,linear,,,1060,8.5,-15.3,,,
4904bc1-d2,john,231,6.70,819,976,894,linear,,,1056,7.4,-15.6,,,
4904bc1-d2,john,232,6.73,823,980,898,linear,,,1052,7.9,-15.8,,,
4904bc1-d2,john,233,6.76,828,985,902,linear,,,1048,8.1,-15.7,,,
4904bc1-d2,john,234,6.79,832,988,906,linear,,,1044,7.3,-15.8,,,
4904bc1-d2,john,235,6.82,837,991,910,linear,,,1040,7.4,-16.0,,,
4904bc1-d2,john,236,6.84,841,995,914,linear,,,1036,7.7,-15.7,,,
4904bc1-d2,john,237,6.87,846,999,918,linear,,,1032,7.4,-15.8,,,
4904bc1-d2,john,238,6.90,850,1003,923,linear,,,1027,7.5,-16.0,,,
4904bc1-d2,john,239,6.93,854,1006,927,linear,,,1023,7.9,-15.6,,,
4904bc1-d2,john,240,6.96,858,1010,931,linear,,,1019,7.4,-15.7,,,
4904bc1-d2,john,241,6.99,863,1015,935,linear,,,1015,7.4,-15.9,,,
4904bc1-d2,john,242,7.02,867,1018,939,linear,,,1011,8.1,-16.0,,,
4904bc1-d2,john,243,7.05,871,1021,943,linear,,,1007,7.2,-15.7,,,
4904bc1-d2,john,244,7.08,876,1026,947,linear,,,1003,8.1,-15.6,,,
4904bc1-d2,john,245,7.11,880,1030,951,linear,,,999,8.3,-15.5,,,
4904bc1-d2,john,246,7.13,885,1033,956,linear,,,994,7.9,-15.7,,,
4904bc1-d2,john,247,7.16,889,1037,960,linear,,,990,8.0,-16.1,,,
4904bc1-d2,john,248,7.19,893,1041,964,linear,,,986,8.4,-15.7,,,
4904bc1-d2,john,249,7.22,897,1044,968,linear,,,982,8.3,-15.7,,,
4904bc1-d2,john,250,7.25,902,1047,972,linear,,,978,8.1,-15.7,,,
4904bc1-d2,john,251,7.28,906,1051,976,linear,,,974,8.1,-15.5,,,
4904bc1-d2,john,252,7.31,910,1055,980,linear,,,970,8.2,-15.6,,,
4904bc1-d2,john,253,7.34,915,1058,985,linear,,,965,7.7,-15.8,,,
4904bc1-d2,john,254,7.37,919,1063,989,linear,,,961,7.6,-15.6,,,
4904bc1-d2,john,255,7.40,924,1066,993,linear,,,957,7.4,-15.7,,,
4904bc1-d2,john,256,7.42,928,1070,997,linear,,,953,7.0,-16.0,,,
4904bc1-d2,john,257,7.45,932,1074,1001,linear,,,949,7.5,-15.6,,,
4904bc1-d2,john,258,7.48,937,1079,1005,linear,,,945,7.0,-15.8,,,
4904bc1-d2,john,259,7.51,941,1084,1009,linear,,,941,7.4,-15.6,,,
4904bc1-d2,john,260,7.54,945,1088,1013,linear,,,937,7.5,-15.8,,,
4904bc1-d2,john,261,7.57,950,1092,1018,linear,,,932,7.3,-15.8,,,
4904bc1-d2,john,262,7.60,954,1095,1022,linear,,,928,7.7,-15.5,,,
4904bc1-d2,john,263,7.63,958,1100,1026,linear,,,924,7.9,-15.4,,,
4904bc1-d2,john,264,7.66,963,1103,1030,linear,,,920,8.6,-15.4,,,
4904bc1-d2,john,265,7.69,967,1107,1034,linear,,,916,8.6,-15.4,,,
4904bc1-d2,john,266,7.71,971,1112,1038,linear,,,912,8.5,-15.4,,,
4904bc1-d2,john,267,7.74,976,1115,1042,linear,,,908,9.4,-15.0,,,
4904bc1-d2,john,268,7.77,980,1119,1047,linear,,,903,9.2,-15.4,,,
4904bc1-d2,john,269,7.80,985,1123,1051,linear,,,899,8.6,-15.5,,,
4904bc1-d2,john,270,7.83,989,1127,1055,linear,,,895,8.4,-15.6,,,
4904bc1-d2,john,271,7.86,993,1131,1059,linear,,,891,8.5,-15.6,,,
4904bc1-d2,john,272,7.89,996,1136,1063,linear,,,887,7.9,-15.4,,,
4904bc1-d2,john,273,7.92,1001,1141,1067,linear,,,883,8.0,-15.5,,,
4904bc1-d2,john,274,7.95,1005,1146,1071,linear,,,879,,,,,
4904bc1-d2,john,275,7.98,1009,1150,1075,linear,,,875,,,,,
4904bc1-d2,john,276,8.00,1013,1154,1080,linear,,,870,,,,,
4904bc1-d2,john,277,8.03,1018,1157,1084,linear,,,866,,,,,
4904bc1-d2,john,278,8.06,1022,1161,1088,linear,,,862,,,,,
4904bc1-d2,john,279,8.09,1026,1166,1092,linear,,,858,,,,,
4904bc1-d2,john,280,8.12,1030,1170,1096,linear,,,854,,,,,
4904bc1-d2,john,281,8.15,1035,1175,1100,linear,,,850,,,,,
4904bc1-d2,john,282,8.18,1039,1179,1104,linear,,,846,,,,,
4904bc1-d2,john,283,8.21,1043,1183,1108,linear,,,842,,,,,
4904bc1-d2,john,284,8.24,1048,1188,1113,linear,,,837,,,,,
4904bc1-d2,john,285,8.27,1052,1193,1117,linear,,,833,,,,,
4904bc1-d2,john,286,8.29,1057,1198,1121,linear,,,829,,,,,
4904bc1-d2,john,287,8.32,1061,1203,1125,linear,,,825,,,,,
4904bc1-d2,john,288,8.35,1065,1207,1129,linear,,,821,,,,,
4904bc1-d2,john,289,8.38,1069,1212,1133,linear,,,817,,,,,
4904bc1-d2,john,290,8.41,1073,1217,1137,linear,,,813,,,,,
4904bc1-d2,john,291,8.44,1077,1222,1142,linear,,,808,,,,,
4904bc1-d2,john,292,8.47,1082,1227,1146,linear,,,804,,,,,
4904bc1-d2,john,293,8.50,1086,1230,1150,linear,,,800,,,,,
4904bc1-d2,john,294,8.53,1090,1235,1154,linear,,,796,,,,,
4904bc1-d2,john,295,8.56,1094,1240,1158,linear,,,792,,,,,
4904bc1-d2,john,296,8.58,1098,1245,1162,linear,,,788,,,,,
4904bc1-d2,john,297,8.61,1102,1250,1166,linear,,,784,,,,,
4904bc1-d2,john,298,8.64,1107,1255,1170,linear,,,780,,,,,
4904bc1-d2,john,299,8.67,1111,1260,1175,linear,,,775,,,,,
4904bc1-d2,john,300,8.70,1115,1264,1179,linear,,,771,,,,,
4904bc1-d2,john,301,8.73,1120,1269,1183,linear,,,767,,,,,
4904bc1-d2,john,302,8.76,1124,1274,1187,linear,,,763,,,,,
4904bc1-d2,john,303,8.79,1128,1279,1191,linear,,,759,,,,,
4904bc1-d2,john,304,8.82,1132,1283,1195,linear,,,755,,,,,
4904bc1-d2,john,305,8.85,1136,1288,1199,linear,,,751,,,,,
4904bc1-d2,john,306,8.87,1141,1293,1204,linear,,,746,,,,,
4904bc1-d2,john,307,8.90,1145,1297,1208,linear,,,742,,,,,
4904bc1-d2,john,308,8.93,1149,1302,1212,linear,,,738,,,,,
4904bc1-d2,john,309,8.96,1153,1306,1216,linear,,,734,,,,,
4904bc1-d2,john,310,8.99,1158,1311,1220,linear,,,730,,,,,
4904bc1-d2,john,311,9.02,1162,1315,1224,linear,,,726,,,,,
4904bc1-d2,john,312,9.05,1166,1320,1228,linear,,,722,,,,,
4904bc1-d2,john,313,9.08,1170,1324,1232,linear,,,718,,,,,
4904bc1-d2,john,314,9.11,1175,1329,1237,linear,,,713,,,,,
4904bc1-d2,john,315,9.14,1179,1333,1241,linear,,,709,,,,,
4904bc1-d2,john,316,9.16,1183,1338,1245,linear,,,705,,,,,
4904bc1-d2,john,317,9.19,1187,1342,1249,linear,,,701,,,,,
4904bc1-d2,john,318,9.22,1191,1347,1253,linear,,,697,,,,,
4904bc1-d2,john,319,9.25,1195,1352,1257,linear,,,693,,,,,
4904bc1-d2,john,320,9.28,1198,1357,1261,linear,,,689,,,,,
4904bc1-d2,john,321,9.31,1203,1362,1265,linear,,,685,,,,,
4904bc1-d2,john,322,9.34,1207,1367,1270,linear,,,680,,,,,
4904bc1-d2,john,323,9.37,1212,1372,1274,linear,,,676,,,,,
4904bc1-d2,john,324,9.40,1216,1377,1278,linear,,,672,,,,,
4904bc1-d2,john,325,9.43,1221,1382,1282,linear,,,668,,,,,
4904bc1-d2,john,326,9.45,1225,1387,1286,linear,,,664,,,,,
4904bc1-d2,john,327,9.48,1229,1392,1290,linear,,,660,,,,,
4904bc1-d2,john,328,9.51,1234,1397,1294,linear,,,656,,,,,
4904bc1-d2,john,329,9.54,1238,1402,1299,linear,,,651,,,,,
4904bc1-d2,john,330,9.57,1242,1407,1303,linear,,,647,,,,,
4904bc1-d2,john,331,9.60,1246,1412,1307,linear,,,643,,,,,
4904bc1-d2,john,332,9.63,1249,1417,1311,linear,,,639,,,,,
4904bc1-d2,john,333,9.66,1253,1422,1315,linear,,,635,,,,,
4904bc1-d2,john,334,9.69,1256,1426,1319,linear,,,631,,,,,
4904bc1-d2,john,335,9.72,1260,1431,1323,linear,,,627,,,,,
4904bc1-d2,john,336,9.74,1264,1435,1327,linear,,,623,,,,,
4904bc1-d2,john,337,9.77,1268,1440,1332,linear,,,618,,,,,
4904bc1-d2,john,338,9.80,1272,1444,1336,linear,,,614,,,,,
4904bc1-d2,john,339,9.83,1275,1449,1340,linear,,,610,,,,,
4904bc1-d2,john,340,9.86,1278,1453,1344,linear,,,606,,,,,
4904bc1-d2,john,341,9.89,1281,1458,1348,linear,,,602,,,,,
4904bc1-d2,john,342,9.92,1285,1462,1352,linear,,,598,,,,,
4904bc1-d2,john,343,9.95,1289,1467,1356,linear,,,594,,,,,
4904bc1-d2,john,344,9.98,1294,1472,1361,linear,,,589,,,,,
4904bc1-d2,john,345,10.01,1298,1476,1365,linear,,,585,,,,,
4904bc1-d2,john,346,10.03,1302,1481,1369,linear,,,581,,,,,
4904bc1-d2,john,347,10.06,1306,1486,1373,linear,,,577,,,,,
4904bc1-d2,john,348,10.09,1309,1490,1377,linear,,,573,,,,,
4904bc1-d2,john,349,10.12,1313,1495,1381,linear,,,569,,,,,
4904bc1-d2,john,350,10.15,1317,1500,1385,linear,,,565,,,,,
4904bc1-d2,john,351,10.18,1321,1504,1389,linear,,,561,,,,,
4904bc1-d2,john,352,10.21,1324,1509,1394,linear,,,556,,,,,
4904bc1-d2,john,353,10.24,1328,1514,1398,linear,,,552,,,,,
4904bc1-d2,john,354,10.27,1332,1519,1402,linear,,,548,,,,,
4904bc1-d2,john,355,10.30,1335,1523,1406,linear,,,544,,,,,
4904bc1-d2,john,356,10.32,1338,1528,1410,linear,,,540,,,,,
4904bc1-d2,john,357,10.35,1342,1533,1414,linear,,,536,,,,,
4904bc1-d2,john,358,10.38,1346,1537,1418,linear,,,532,,,,,
4904bc1-d2,john,359,10.41,1350,1542,1422,linear,,,528,,,,,
4904bc1-d2,john,360,10.44,1354,1546,1427,linear,,,523,,,,,
4904bc1-d2,john,361,10.47,1358,1551,1431,linear,,,519,,,,,
4904bc1-d2,john,362,10.50,1362,1556,1435,linear,,,515,,,,,
4904bc1-d2,john,363,10.53,1366,1560,1439,linear,,,511,,,,,
4904bc1-d2,john,364,10.56,1369,1565,1443,linear,,,507,,,,,
4904bc1-d2,john,365,10.59,1373,1569,1447,linear,,,503,,,,,
4904bc1-d2,john,366,10.61,1377,1574,1451,linear,,,499,,,,,
4904bc1-d2,john,367,10.64,1380,1579,1456,linear,,,494,,,,,
4904bc1-d2,john,368,10.67,1384,1583,1460,linear,,,490,,,,,
4904bc1-d2,john,369,10.70,1388,1588,1464,linear,,,486,,,,,
4904bc1-d2,john,370,10.73,1392,1593,1468,linear,,,482,,,,,
4904bc1-d2,john,371,10.76,1395,1597,1472,linear,,,478,,,,,
4904bc1-d2,john,372,10.79,1399,1602,1476,linear,,,474,,,,,
4904bc1-d2,john,373,10.82,1403,1606,1480,linear,,,470,,,,,
4904bc1-d2,john,374,10.85,1407,1611,1484,linear,,,466,,,,,
4904bc1-d2,john,375,10.88,1410,1616,1489,linear,,,461,,,,,
4904bc1-d2,john,376,10.90,1414,1620,1493,linear,,,457,,,,,
4904bc1-d2,john,377,10.93,1418,1625,1497,linear,,,453,,,,,
4904bc1-d2,john,378,10.96,1421,1629,1501,linear,,,449,,,,,
4904bc1-d2,john,379,10.99,1424,1634,1505,linear,,,445,,,,,
4904bc1-d2,john,380,11.02,1428,1639,1509,linear,,,441,,,,,
4904bc1-d2,john,381,11.05,1431,1643,1513,linear,,,437,,,,,
4904bc1-d2,john,382,11.08,1435,1648,1518,linear,,,432,,,,,
4904bc1-d2,john,383,11.11,1439,1652,1522,linear,,,428,,,,,
4904bc1-d2,john,384,11.14,1443,1657,1526,linear,,,424,,,,,
4904bc1-d2,john,385,11.17,1447,1662,1530,linear,,,420,,,,,
4907bc1-d1,usgs,1,0.04,619,824,702,smooth spline,,,1248,10.0,-15.0,,,
4907bc1-d1,usgs,7,0.24,793,973,869,smooth spline,,,1081,9.4,-16.0,,,
4907bc1-d1,usgs,9,0.37,913,1075,984,smooth spline,,,966,9.0,-15.2,,,
4907bc1-d1,usgs,12,0.54,1052,1194,1120,smooth spline,,,830,8.5,-16.4,,,
4907bc1-d1,usgs,14,0.68,1164,1288,1227,smooth spline,,,723,8.1,-16.5,,,
4907bc1-d1,usgs,16,0.77,1238,1353,1296,smooth spline,,,654,8.9,-15.7,,,
4907bc1-d1,usgs,17,0.80,1261,1374,1319,smooth spline,,,631,8.3,-15.4,,,
4907bc1-d1,usgs,19,0.87,1306,1413,1362,smooth spline,,,588,8.3,-16.3,,,
4907bc1-d1,usgs,21,0.93,1356,1455,1408,smooth spline,,,542,8.5,-15.7,,,
4907bc1-d1,usgs,23,1.02,1413,1507,1465,smooth spline,,,485,8.7,-15.6,,,
4907bc1-d1,usgs,25,1.08,1455,1544,1504,smooth spline,,,446,8.9,-15.7,,,
4907bc1-d1,usgs,26,1.11,1472,1559,1520,smooth spline,,,430,9.0,-15.6,,,
4907bc1-d1,usgs,27,1.13,1488,1574,1535,smooth spline,,,415,8.5,-15.9,,,
4907bc1-d1,usgs,30,1.23,1549,1630,1594,smooth spline,,,356,9.1,-15.7,,,
4907bc1-d1,usgs,31,1.26,1568,1647,1611,smooth spline,,,339,8.7,-15.5,,,
4907bc1-d1,usgs,32,1.32,1605,1679,1646,smooth spline,,,304,8.9,-16.1,,,
4907bc1-d1,usgs,33,1.35,1622,1695,1663,smooth spline,,,287,8.2,-15.9,,,
4907bc1-d1,usgs,37,1.46,1683,1750,1721,smooth spline,,,229,8.1,-15.5,,,
4907bc1-d1,usgs,38,1.49,1699,1766,1736,smooth spline,,,214,8.9,-15.5,,,
4907bc1-d1,usgs,40,1.56,1731,1795,1766,smooth spline,,,184,8.6,-15.9,,,
4907bc1-d1,usgs,41,1.60,1753,1816,1787,smooth spline,,,163,8.8,-15.8,,,
4907bc1-d1,usgs,47,1.78,1836,1896,1867,smooth spline,,,83,8.7,-15.6,,,
4907bc1-d1,usgs,48,1.82,1855,1914,1885,smooth spline,,,65,8.2,-15.8,,,
4907bc1-d1,usgs,53,1.95,1907,1965,1936,smooth spline,,,14,9.0,-15.8,,,
4907bc1-d1,usgs,55,2.01,1930,1988,1959,smooth spline,,,-9,8.9,-15.3,,,
4907bc1-d1,usgs,56,2.06,1946,2004,1975,smooth spline,,,-25,9.0,-15.1,,,
4907bc1-d1,usgs,58,2.11,1965,2024,1994,smooth spline,,,-44,8.9,-15.6,,,
4907bc1-d1,usgs,61,2.21,2000,2058,2027,smooth spline,,,-77,9.1,-16.0,,,
4907bc1-d1,usgs,64,2.29,2023,2083,2051,smooth spline,,,-101,9.4,-15.7,,,
4907bc1-d1,usgs,65,2.30,2027,2087,2055,smooth spline,,,-105,9.1,-16.0,,,
4907bc1-d1,usgs,66,2.33,2038,2097,2066,smooth spline,,,-116,9.2,-15.8,,,
4907bc1-d1,usgs,67,2.37,2049,2108,2077,smooth spline,,,-127,9.3,,,,
4907bc1-d1,usgs,69,2.48,2080,2138,2107,smooth spline,,,-157,8.6,-15.6,,,
4907bc1-d1,usgs,71,2.56,2102,2160,2129,smooth spline,,,-179,9.0,-15.3,,,
4907bc1-d1,usgs,78,2.85,2172,2230,2201,smooth spline,,,-251,8.4,-15.8,,,
4907bc1-d1,usgs,79,2.92,2188,2246,2217,smooth spline,,,-267,8.1,-16.1,,,
4907bc1-d1,usgs,80,2.99,2203,2261,2232,smooth spline,,,-282,8.3,-15.9,,,
4907bc1-d1,usgs,81,3.00,2207,2264,2236,smooth spline,,,-286,8.1,-15.9,,,
4907bc1-d1,usgs,82,3.04,2215,2272,2243,smooth spline,,,-293,9.2,-15.1,,,
4907bc1-d1,usgs,84,3.18,2243,2299,2271,smooth spline,,,-321,8.2,-16.1,,,
4907bc1-d1,usgs,85,3.23,2254,2309,2281,smooth spline,,,-331,9.3,-15.6,,,
4907bc1-d1,usgs,86,3.29,2265,2320,2292,smooth spline,,,-342,8.1,-15.7,,,
4907bc1-d1,usgs,88,3.37,2279,2334,2306,smooth spline,,,-356,8.3,-15.7,,,
4907bc1-d1,usgs,91,3.55,2309,2366,2337,smooth spline,,,-387,8.9,-15.4,,,
4907bc1-d1,usgs,93,3.63,2320,2379,2349,smooth spline,,,-399,8.4,-16.3,,,
4907bc1-d1,usgs,94,3.65,2323,2382,2352,smooth spline,,,-402,8.2,-16.3,,,
4907bc1-d1,usgs,95,3.68,2328,2387,2357,smooth spline,,,-407,8.1,-15.9,,,
4907bc1-d1,usgs,101,3.82,2349,2411,2379,smooth spline,,,-429,8.6,-15.7,,,
4907bc1-d1,usgs,104,3.89,2358,2421,2389,smooth spline,,,-439,9.2,-15.8,,,
4907bc1-d1,usgs,108,4.08,2380,2450,2415,smooth spline,,,-465,8.7,-16.1,,,
4907bc1-d1,usgs,111,4.30,2404,2481,2443,smooth spline,,,-493,8.5,-15.9,,,
4907bc1-d1,usgs,113,4.48,2421,2503,2464,smooth spline,,,-514,8.1,-15.5,,,
4907bc1-d1,usgs,117,4.69,2440,2530,2486,smooth spline,,,-536,8.9,-16.3,,,
4907bc1-d1,usgs,118,4.75,2444,2536,2492,smooth spline,,,-542,8.5,-15.5,,,
4907bc1-d1,usgs,119,4.79,2448,2541,2496,smooth spline,,,-546,8.5,-15.8,,,
4907bc1-d1,usgs,122,4.93,2459,2555,2508,smooth spline,,,-558,8.7,-16.0,,,
4907bc1-d1,usgs,123,4.95,2460,2556,2510,smooth spline,,,-560,7.7,-17.0,,,
4907bc1-d1,usgs,124,5.03,2467,2565,2517,smooth spline,,,-567,9.1,-15.6,,,
4907bc1-d1,usgs,127,5.19,2479,2579,2529,smooth spline,,,-579,9.5,-15.3,,,
4907bc1-d1,usgs,128,5.23,2482,2582,2532,smooth spline,,,-582,9.7,-15.5,,,
4907bc1-d1,usgs,132,5.48,2499,2601,2550,smooth spline,,,-600,8.6,-15.4,,,
4907bc1-d1,usgs,133,5.53,2503,2604,2554,smooth spline,,,-604,8.3,-15.6,,,
4907bc1-d1,usgs,134,5.58,2506,2607,2557,smooth spline,,,-607,8.2,-15.5,,,
4907bc1-d1,usgs,136,5.68,2513,2613,2564,smooth spline,,,-614,8.6,-15.6,,,
4907bc1-d1,usgs,137,5.74,2518,2617,2568,smooth spline,,,-618,8.6,-15.4,,,
4907bc1-d1,usgs,138,5.85,2527,2625,2576,smooth spline,,,-626,8.2,-15.4,,,
4907bc1-d1,usgs,144,6.07,2545,2638,2592,smooth spline,,,-642,8.4,-15.8,,,
4907bc1-d1,usgs,148,6.18,2556,2644,2600,smooth spline,,,-650,8.4,-15.7,,,
4907bc1-d1,usgs,149,6.19,2557,2645,2601,smooth spline,,,-651,8.5,-15.7,,,
4907bc1-d1,usgs,152,6.31,2567,2653,2610,smooth spline,,,-660,8.2,-16.2,,,
4907bc1-d1,usgs,160,6.63,2598,2676,2638,smooth spline,,,-688,8.4,-15.7,,,
4907bc1-d1,usgs,167,6.94,2633,2700,2668,smooth spline,,,-718,7.7,-16.0,,,
4907bc1-d1,usgs,168,6.95,2635,2701,2670,smooth spline,,,-720,7.7,-15.8,,,
4907bc1-d1,usgs,170,7.08,2651,2714,2683,smooth spline,,,-733,7.8,,,,
4907bc1-d1,usgs,193,7.60,2716,2776,2747,smooth spline,,,-797,8.2,-16.8,,,
4907bc1-d1,usgs,199,7.75,2733,2794,2766,smooth spline,,,-816,7.6,-16.5,,,
4907bc1-d1,usgs,200,7.79,2738,2800,2771,smooth spline,,,-821,7.6,-16.9,,,
4907bc1-d1,usgs,205,7.92,2753,2820,2789,smooth spline,,,-839,8.0,-18.0,,,
4907bc1-d1,usgs,212,8.25,2787,2872,2832,smooth spline,,,-882,7.9,-16.3,,,
4907bc1-d1,usgs,213,8.31,2792,2881,2840,smooth spline,,,-890,8.1,-16.4,,,
4907bc1-d1,usgs,219,8.71,2831,2950,2894,smooth spline,,,-944,7.2,-17.1,,,
4902bc1-d?,usgs,2,0.34,604,738,653,linear,,,1297,8.9,-16.1,,,
4902bc1-d?,usgs,3,0.52,612,745,661,linear,,,1289,9.2,-16.0,,,
4902bc1-d?,usgs,4,0.68,619,751,668,linear,,,1282,8.3,-15.8,,,
4902bc1-d?,usgs,5,0.85,628,757,675,linear,,,1275,8.3,-16.0,,,
4902bc1-d?,usgs,6,1.18,643,769,690,linear,,,1260,9.6,-15.9,,,
4902bc1-d?,usgs,7,1.30,648,773,695,linear,,,1255,9.0,-16.2,,,
4902bc1-d?,usgs,8,1.54,659,783,705,linear,,,1245,9.5,-15.8,,,
4902bc1-d?,usgs,9,1.69,666,789,712,linear,,,1238,8.9,-15.9,,,
4902bc1-d?,usgs,10,1.87,674,795,720,linear,,,1230,9.2,-16.1,,,
4902bc1-d?,usgs,12,2.38,697,816,742,linear,,,1208,9.7,-16.0,,,
4902bc1-d?,usgs,13,2.86,719,837,762,linear,,,1188,10.5,-15.5,,,
4902bc1-d?,usgs,14,3.51,747,861,790,linear,,,1160,8.8,-15.8,,,
4902bc1-d?,usgs,15,4.40,786,895,829,linear,,,1121,10.0,-15.8,,,
4902bc1-d?,usgs,16,4.70,798,908,842,linear,,,1108,9.7,-15.6,,,
4902bc1-d?,usgs,17,5.15,818,929,861,linear,,,1089,10.3,-15.6,,,
4902bc1-d?,usgs,18,5.65,840,947,882,linear,,,1068,10.2,-15.2,,,
4902bc1-d?,usgs,19,5.82,848,953,890,linear,,,1060,9.9,-16.0,,,
4902bc1-d?,usgs,20,5.95,853,958,895,linear,,,1055,10.2,-15.5,,,
4902bc1-d?,usgs,21,6.13,861,965,903,linear,,,1047,10.4,-15.9,,,
4902bc1-d?,usgs,22,6.74,886,989,929,linear,,,1021,10.3,-15.0,,,
4902bc1-d?,usgs,23,6.92,893,997,937,linear,,,1013,9.6,-15.7,,,
4902bc1-d?,usgs,24,7.04,898,1002,942,linear,,,1008,9.5,-16.0,,,
4902bc1-d?,usgs,25,7.20,904,1009,949,linear,,,1001,10.4,-15.4,,,
4902bc1-d?,usgs,26,7.32,909,1013,954,linear,,,996,10.5,-15.9,,,
4902bc1-d?,usgs,27,7.64,922,1025,967,linear,,,983,9.3,-16.1,,,
4902bc1-d?,usgs,28,7.93,934,1038,979,linear,,,971,9.9,-15.7,,,
4902bc1-d?,usgs,29,8.64,962,1064,1009,linear,,,941,10.0,-16.2,,,
4902bc1-d?,usgs,30,8.85,970,1073,1018,linear,,,932,10.8,-15.3,,,
4902bc1-d?,usgs,31,9.05,977,1082,1027,linear,,,923,10.9,-15.1,,,
4902bc1-d?,usgs,32,9.11,980,1085,1029,linear,,,921,9.3,-15.9,,,
4902bc1-d?,usgs,33,9.54,996,1104,1047,linear,,,903,9.8,-15.8,,,
4902bc1-d?,usgs,34,9.83,1007,1117,1059,linear,,,891,9.2,-15.4,,,
4902bc1-d?,usgs,35,9.91,1011,1120,1063,linear,,,887,9.3,-15.7,,,
4902bc1-d?,usgs,36,10.19,1021,1132,1074,linear,,,876,9.6,-15.9,,,
4902bc1-d?,usgs,37,10.37,1028,1139,1082,linear,,,868,10.3,-15.4,,,
4902bc1-d?,usgs,38,10.43,1031,1142,1084,linear,,,866,9.9,-15.4,,,
4902bc1-d?,usgs,39,10.55,1035,1147,1089,linear,,,861,9.3,-15.7,,,
4902bc1-d?,usgs,40,10.65,1039,1152,1093,linear,,,857,9.1,-16.3,,,
4902bc1-d?,usgs,41,10.74,1042,1155,1097,linear,,,853,8.2,-16.1,,,
4902bc1-d?,usgs,42,11.44,1068,1184,1126,linear,,,824,9.6,-15.5,,,
4902bc1-d?,usgs,43,11.80,1082,1200,1141,linear,,,809,9.1,-15.7,,,
4902bc1-d?,usgs,44,12.05,1092,1212,1151,linear,,,799,9.6,-15.8,,,
4902bc1-d?,usgs,45,12.33,1102,1224,1163,linear,,,787,9.6,-16.0,,,
4902bc1-d?,usgs,46,12.81,1119,1244,1182,linear,,,768,8.7,-15.7,,,
4902bc1-d?,usgs,47,13.11,1131,1257,1195,linear,,,755,9.2,-16.0,,,
4902bc1-d?,usgs,48,13.45,1144,1270,1208,linear,,,742,9.4,-16.0,,,
4902bc1-d?,usgs,49,13.82,1157,1286,1223,linear,,,727,9.2,-15.8,,,
4902bc1-d?,usgs,51,14.14,1168,1299,1236,linear,,,714,9.9,-16.0,,,
4902bc1-d?,usgs,52,14.66,1188,1321,1257,linear,,,693,9.9,-15.5,,,
4902bc1-d?,usgs,53,15.52,1218,1356,1292,linear,,,658,8.8,-16.0,,,
4902bc1-d?,usgs,54,15.74,1226,1365,1300,linear,,,650,9.0,-16.3,,,
4902bc1-d?,usgs,55,16.02,1236,1376,1312,linear,,,638,8.3,-16.0,,,
4902bc1-d?,usgs,56,16.18,1241,1382,1318,linear,,,632,9.1,-15.4,,,
4902bc1-d?,usgs,57,16.80,1264,1407,1342,linear,,,608,8.4,-16.0,,,
4902bc1-d?,usgs,58,17.08,1274,1419,1353,linear,,,597,7.9,-16.2,,,
4902bc1-d?,usgs,59,17.24,1280,1425,1359,linear,,,591,8.7,-16.0,,,
4902bc1-d?,usgs,60,17.36,1284,1430,1364,linear,,,586,9.1,-15.7,,,
4902bc1-d?,usgs,61,17.56,1291,1438,1372,linear,,,578,8.3,-15.8,,,
4902bc1-d?,usgs,62,17.70,1296,1444,1377,linear,,,573,9.1,-15.7,,,
4902bc1-d?,usgs,63,17.84,1301,1450,1383,linear,,,567,8.6,-15.9,,,
4902bc1-d?,usgs,64,18.01,1306,1457,1389,linear,,,561,8.4,-16.0,,,
4902bc1-d?,usgs,65,18.28,1315,1467,1399,linear,,,551,8.3,-16.1,,,
4902bc1-d?,usgs,66,18.56,1325,1479,1410,linear,,,540,8.2,-16.1,,,
4902bc1-d?,usgs,67,18.68,1329,1484,1415,linear,,,535,7.9,-16.0,,,
4902bc1-d?,usgs,68,18.90,1336,1493,1423,linear,,,527,8.7,-15.9,,,
4902bc1-d?,usgs,70,19.39,1352,1511,1441,linear,,,509,8.5,-16.5,,,
4902bc1-d?,usgs,71,20.34,1384,1547,1476,linear,,,474,8.5,-15.6,,,
4902bc1-d?,usgs,72,20.94,1403,1569,1498,linear,,,452,8.8,-16.2,,,
4902bc1-d?,usgs,73,21.24,1413,1580,1509,linear,,,441,8.5,-15.6,,,
4902bc1-d?,usgs,74,21.66,1427,1595,1524,linear,,,426,8.4,-15.8,,,
4902bc1-d?,usgs,75,22.12,1442,1612,1540,linear,,,410,9.1,-15.5,,,
4902bc1-d?,usgs,76,22.26,1446,1617,1545,linear,,,405,8.9,-15.9,,,
4902bc1-d?,usgs,77,23.42,1483,1658,1585,linear,,,365,9.0,-15.7,,,
4902bc1-d?,usgs,78,24.45,1515,1694,1619,linear,,,331,9.8,-15.5,,,
4902bc1-d?,usgs,79,24.79,1526,1706,1630,linear,,,320,9.3,-15.9,,,
4902bc1-d?,usgs,80,25.09,1536,1717,1640,linear,,,310,9.0,-16.4,,,
4902bc1-d?,usgs,81,25.33,1544,1726,1648,linear,,,302,9.7,-15.6,,,
4902bc1-d?,usgs,82,25.53,1550,1732,1654,linear,,,296,8.5,-16.3,,,
4902bc1-d?,usgs,83,25.68,1555,1738,1659,linear,,,291,9.7,-15.6,,,
4902bc1-d?,usgs,84,25.92,1563,1746,1666,linear,,,284,10.1,-15.2,,,
4902bc1-d?,usgs,85,26.26,1573,1757,1677,linear,,,273,8.5,-15.7,,,
4902bc1-d?,usgs,86,26.79,1590,1775,1694,linear,,,256,7.6,-16.3,,,
4902bc1-d?,usgs,87,27.48,1611,1798,1716,linear,,,234,7.9,-16.1,,,
4902bc1-d?,usgs,88,28.19,1634,1821,1737,linear,,,213,8.0,-16.0,,,
4902bc1-d?,usgs,89,28.38,1640,1827,1743,linear,,,207,8.5,-16.3,,,
4902bc1-d?,usgs,90,28.58,1646,1833,1749,linear,,,201,9.0,-16.3,,,
4902bc1-d?,usgs,91,28.73,1651,1838,1754,linear,,,196,9.1,-16.2,,,
4902bc1-d?,usgs,92,29.05,1661,1848,1764,linear,,,186,8.3,-15.9,,,
4902bc1-d?,usgs,93,29.45,1673,1860,1776,linear,,,174,8.7,-16.3,,,
4902bc1-d?,usgs,94,29.65,1679,1867,1782,linear,,,168,9.3,-16.1,,,
4902bc1-d?,usgs,95,29.77,1683,1871,1785,linear,,,165,9.3,-16.0,,,
4902bc1-d?,usgs,96,30.08,1693,1880,1795,linear,,,155,9.0,-15.7,,,
4902bc1-d?,usgs,97,30.29,1699,1886,1801,linear,,,149,8.9,-16.0,,,
4902bc1-d?,usgs,98,30.65,1710,1898,1812,linear,,,138,8.9,-16.2,,,
4902bc1-d?,usgs,99,30.82,1716,1903,1817,linear,,,133,9.0,-16.1,,,
4902bc1-d?,usgs,101,31.57,1739,1923,1839,linear,,,111,9.3,-16.3,,,
4902bc1-d?,usgs,102,31.72,1743,1928,1844,linear,,,106,8.5,-16.3,,,
4902bc1-d?,usgs,103,31.82,1746,1931,1847,linear,,,103,8.5,-16.6,,,
4902bc1-d?,usgs,104,32.40,1764,1948,1864,linear,,,86,8.6,-16.0,,,
4902bc1-d?,usgs,105,32.90,1779,1962,1879,linear,,,71,8.8,-15.9,,,
4902bc1-d?,usgs,106,33.11,1785,1969,1885,linear,,,65,8.1,-16.6,,,
4902bc1-d?,usgs,107,33.33,1793,1975,1891,linear,,,59,8.1,-16.4,,,
4902bc1-d?,usgs,108,33.46,1798,1978,1895,linear,,,55,8.6,-16.4,,,
4902bc1-d?,usgs,109,33.86,1811,1990,1907,linear,,,43,8.4,-16.3,,,
4902bc1-d?,usgs,110,34.01,1816,1994,1911,linear,,,39,7.9,-16.7,,,
4902bc1-d?,usgs,111,34.36,1827,2005,1922,linear,,,28,8.4,-16.3,,,
4902bc1-d?,usgs,112,34.63,1835,2013,1930,linear,,,20,8.1,-16.5,,,
4902bc1-d?,usgs,113,34.95,1845,2021,1939,linear,,,11,9.2,-16.4,,,
4902bc1-d?,usgs,114,35.00,1846,2023,1940,linear,,,10,8.7,-16.7,,,
4902bc1-d?,usgs,115,35.33,1858,2033,1950,linear,,,0,8.6,-16.3,,,
4902bc1-d?,usgs,116,35.49,1863,2038,1955,linear,,,-5,8.4,-16.3,,,
4902bc1-d?,usgs,117,35.62,1867,2042,1959,linear,,,-9,8.4,-16.5,,,
4902bc1-d?,usgs,118,35.74,1871,2045,1962,linear,,,-12,9.1,-15.9,,,
4902bc1-d?,usgs,119,36.27,1888,2061,1978,linear,,,-28,7.8,-15.9,,,
4902bc1-d?,usgs,120,36.65,1900,2073,1989,linear,,,-39,8.0,-16.3,,,
4902bc1-d?,usgs,121,36.81,1905,2078,1993,linear,,,-43,7.9,-15.9,,,
4902bc1-d?,usgs,122,36.93,1909,2082,1997,linear,,,-47,7.4,-15.9,,,
4902bc1-d?,usgs,123,37.12,1915,2088,2002,linear,,,-52,8.7,-15.5,,,
4902bc1-d?,usgs,124,37.60,1930,2102,2016,linear,,,-66,8.2,-15.8,,,
4902bc1-d?,usgs,125,37.71,1933,2106,2019,linear,,,-69,8.5,-15.6,,,
4902bc1-d?,usgs,126,38.80,1968,2136,2051,linear,,,-101,9.0,-15.3,,,
4902bc1-d?,usgs,127,38.93,1972,2140,2055,linear,,,-105,8.9,-16.1,,,
4902bc1-d?,usgs,128,39.34,1985,2152,2067,linear,,,-117,8.5,-17.5,,,
4902bc1-d?,usgs,129,39.78,1999,2163,2079,linear,,,-129,8.2,-16.8,,,
4902bc1-d?,usgs,130,39.89,2002,2166,2083,linear,,,-133,8.2,-16.2,,,
4902bc1-d?,usgs,131,40.08,2008,2171,2088,linear,,,-138,8.8,-16.7,,,
4902bc1-d?,usgs,132,40.40,2018,2181,2097,linear,,,-147,9.2,-16.3,,,
4902bc1-d?,usgs,133,40.68,2026,2190,2105,linear,,,-155,9.3,-16.8,,,
4902bc1-d?,usgs,134,40.89,2033,2196,2111,linear,,,-161,9.3,-16.9,,,
4902bc1-d?,usgs,135,41.19,2042,2206,2120,linear,,,-170,9.0,-17.5,,,
4902bc1-d?,usgs,136,41.59,2054,2218,2132,linear,,,-182,8.7,-17.3,,,
4902bc1-d?,usgs,137,42.17,2072,2235,2148,linear,,,-198,9.3,,,,
4902bc1-d?,usgs,138,42.49,2082,2244,2158,linear,,,-208,8.8,-17.7,,,
4902bc1-d?,usgs,139,43.10,2100,2262,2175,linear,,,-225,9.0,-16.8,,,
4902bc1-d?,usgs,140,43.32,2106,2268,2181,linear,,,-231,8.7,-16.0,,,
4902bc1-d?,usgs,141,43.65,2115,2278,2191,linear,,,-241,8.0,-16.3,,,
4902bc1-d?,usgs,142,43.88,2121,2285,2198,linear,,,-248,8.2,-17.5,,,
4902bc1-d?,usgs,143,44.04,2125,2290,2202,linear,,,-252,7.6,-17.9,,,
4902bc1-d?,usgs,144,44.45,2137,2302,2214,linear,,,-264,7.5,-18.8,,,
4902bc1-d?,usgs,145,44.92,2149,2317,2227,linear,,,-277,8.5,-17.4,,,
4684bc-d?,usgs,31,1.83,36,70,51,linear,,,1899,9.5,-24.9,,,
4684bc-d?,usgs,33,1.95,39,73,53,linear,,,1897,9.1,-18.6,,,
4684bc-d?,usgs,34,2.01,40,75,55,linear,,,1895,8.1,-17.0,,,
4684bc-d?,usgs,35,2.07,41,77,56,linear,,,1894,9.7,-15.7,,,
4684bc-d?,usgs,36,2.12,42,80,58,linear,,,1892,9.0,-17.0,,,
4684bc-d?,usgs,37,2.18,43,82,60,linear,,,1890,9.0,-17.8,,,
4684bc-d?,usgs,38,2.24,45,84,61,linear,,,1889,9.2,-17.5,,,
4684bc-d?,usgs,39,2.30,46,87,63,linear,,,1887,9.0,-17.6,,,
4684bc-d?,usgs,40,2.36,47,89,65,linear,,,1885,8.2,-16.2,,,
4684bc-d?,usgs,41,2.42,48,92,67,linear,,,1883,8.3,-18.2,,,
4684bc-d?,usgs,42,2.48,51,94,69,linear,,,1881,8.0,-17.6,,,
4684bc-d?,usgs,43,2.54,52,97,71,linear,,,1879,8.1,-18.9,,,
4684bc-d?,usgs,44,2.60,54,100,73,linear,,,1877,8.5,-24.5,,,
4684bc-d?,usgs,45,2.66,56,102,76,linear,,,1874,8.1,-2.9,,,
4684bc-d?,usgs,46,2.71,58,105,78,linear,,,1872,9.4,-13.5,,,
4684bc-d?,usgs,47,2.77,59,107,80,linear,,,1870,8.2,-3.6,,,
4684bc-d?,usgs,49,2.89,64,113,85,linear,,,1865,8.1,-17.8,,,
4684bc-d?,usgs,51,3.01,68,120,91,linear,,,1859,8.3,-17.5,,,
4684bc-d?,usgs,52,3.07,71,123,94,linear,,,1856,8.4,-1.6,,,
4684bc-d?,usgs,53,3.13,73,126,97,linear,,,1853,8.3,-18.3,,,
4684bc-d?,usgs,55,3.25,77,131,103,linear,,,1847,8.3,-17.8,,,
4684bc-d?,usgs,56,3.30,79,134,106,linear,,,1844,8.1,-16.9,,,
4684bc-d?,usgs,57,3.36,81,137,109,linear,,,1841,8.6,-16.1,,,
4684bc-d?,usgs,59,3.48,86,145,115,linear,,,1835,8.2,-16.0,,,
4684bc-d?,usgs,61,3.60,91,151,122,linear,,,1828,8.0,-16.2,,,
4684bc-d?,usgs,62,3.66,94,155,126,linear,,,1824,7.7,-16.6,,,
4684bc-d?,usgs,63,3.72,96,159,129,linear,,,1821,7.7,-16.5,,,
4684bc-d?,usgs,64,3.78,99,162,133,linear,,,1817,7.5,-16.6,,,
4684bc-d?,usgs,65,3.84,103,166,136,linear,,,1814,7.6,-16.6,,,
4684bc-d?,usgs,66,3.89,105,170,139,linear,,,1811,8.2,-16.4,,,
4684bc-d?,usgs,67,3.95,108,173,143,linear,,,1807,8.2,-16.4,,,
4684bc-d?,usgs,68,4.01,112,177,146,linear,,,1804,7.8,-16.1,,,
4684bc-d?,usgs,69,4.07,115,180,150,linear,,,1800,8.8,-16.0,,,
4684bc-d?,usgs,70,4.13,118,183,153,linear,,,1797,8.2,-16.3,,,
4684bc-d?,usgs,71,4.19,120,186,157,linear,,,1793,8.2,-16.3,,,
4684bc-d?,usgs,72,4.25,123,190,160,linear,,,1790,7.9,-16.5,,,
4684bc-d?,usgs,73,4.31,126,193,163,linear,,,1787,8.0,-16.4,,,
4684bc-d?,usgs,74,4.37,129,196,166,linear,,,1784,8.0,-16.5,,,
4684bc-d?,usgs,75,4.43,133,199,170,linear,,,1780,7.8,-16.5,,,
4684bc-d?,usgs,76,4.48,136,201,173,linear,,,1777,8.2,-16.3,,,
4684bc-d?,usgs,77,4.54,138,204,176,linear,,,1774,8.0,-16.0,,,
4684bc-d?,usgs,78,4.60,141,207,179,linear,,,1771,7.7,-16.4,,,
4684bc-d?,usgs,79,4.66,144,210,181,linear,,,1769,8.4,-16.3,,,
4684bc-d?,usgs,80,4.72,146,213,184,linear,,,1766,8.4,-16.2,,,
4684bc-d?,usgs,81,4.78,149,216,187,linear,,,1763,7.4,-16.4,,,
4684bc-d?,usgs,82,4.84,153,218,190,linear,,,1760,7.7,-16.3,,,
4684bc-d?,usgs,83,4.90,155,220,192,linear,,,1758,7.8,-16.2,,,
4684bc-d?,usgs,84,4.96,158,223,195,linear,,,1755,7.6,-16.1,,,
4684bc-d?,usgs,85,5.02,160,225,197,linear,,,1753,8.0,-16.3,,,
4684bc-d?,usgs,86,5.07,162,227,199,linear,,,1751,8.1,-16.3,,,
4684bc-d?,usgs,87,5.13,165,229,202,linear,,,1748,7.9,-16.4,,,
4684bc-d?,usgs,88,5.19,168,231,204,linear,,,1746,8.0,-16.6,,,
4684bc-d?,usgs,89,5.25,171,233,206,linear,,,1744,7.9,-16.2,,,
4684bc-d?,usgs,91,5.37,176,237,211,linear,,,1739,8.1,-16.4,,,
4684bc-d?,usgs,93,5.49,181,240,215,linear,,,1735,7.8,-16.0,,,
4684bc-d?,usgs,94,5.55,183,242,217,linear,,,1733,7.9,-16.2,,,
4684bc-d?,usgs,95,5.61,186,244,219,linear,,,1731,8.6,-15.8,,,
4684bc-d?,usgs,96,5.66,188,246,222,linear,,,1728,7.7,-16.1,,,
4684bc-d?,usgs,97,5.72,191,248,224,linear,,,1726,7.7,-16.1,,,
4684bc-d?,usgs,98,5.78,194,250,226,linear,,,1724,8.1,-15.8,,,
4684bc-d?,usgs,99,5.84,197,252,228,linear,,,1722,7.7,-16.2,,,
4684bc-d?,usgs,100,5.90,200,254,230,linear,,,1720,8.0,-16.0,,,
4684bc-d?,usgs,101,5.96,203,255,232,linear,,,1718,7.8,-16.2,,,
4684bc-d?,usgs,102,6.02,205,257,234,linear,,,1716,7.9,-16.2,,,
4684bc-d?,usgs,103,6.08,207,258,236,linear,,,1714,7.9,-16.2,,,
4684bc-d?,usgs,104,6.14,211,260,238,linear,,,1712,8.2,-16.2,,,
4684bc-d?,usgs,105,6.20,213,261,240,linear,,,1710,8.8,-15.9,,,
4684bc-d?,usgs,106,6.25,215,263,242,linear,,,1708,8.1,-16.8,,,
4684bc-d?,usgs,107,6.31,218,265,243,linear,,,1707,8.1,-15.8,,,
4684bc-d?,usgs,108,6.37,220,266,245,linear,,,1705,8.5,-15.8,,,
4684bc-d?,usgs,109,6.43,221,268,247,linear,,,1703,8.1,-16.0,,,
4684bc-d?,usgs,111,6.55,226,271,251,linear,,,1699,7.4,-15.8,,,
4684bc-d?,usgs,112,6.61,228,273,253,linear,,,1697,7.6,-15.9,,,
4684bc-d?,usgs,113,6.67,229,275,255,linear,,,1695,7.7,-16.0,,,
4684bc-d?,usgs,114,6.73,231,276,257,linear,,,1693,7.7,-15.7,,,
4684bc-d?,usgs,115,6.79,234,278,259,linear,,,1691,7.8,-15.8,,,
4684bc-d?,usgs,116,6.84,237,280,261,linear,,,1689,8.1,-15.7,,,
4684bc-d?,usgs,117,6.90,239,283,263,linear,,,1687,8.4,-15.7,,,
4684bc-d?,usgs,118,6.96,241,285,265,linear,,,1685,8.3,-15.6,,,
4684bc-d?,usgs,119,7.02,243,287,267,linear,,,1683,8.2,-16.0,,,
4684bc-d?,usgs,120,7.08,245,289,269,linear,,,1681,8.0,-16.0,,,
4684bc-d?,usgs,121,7.14,247,292,271,linear,,,1679,7.6,-16.4,,,
4684bc-d?,usgs,122,7.20,249,294,273,linear,,,1677,8.0,-15.9,,,
4684bc-d?,usgs,123,7.26,251,296,275,linear,,,1675,7.9,-14.4,,,
4684bc-d?,usgs,124,7.32,253,298,277,linear,,,1673,8.3,-15.3,,,
4684bc-d?,usgs,125,7.38,256,301,279,linear,,,1671,8.1,-15.4,,,
4684bc-d?,usgs,126,7.43,258,303,281,linear,,,1669,8.5,-15.3,,,
4684bc-d?,usgs,127,7.49,261,305,283,linear,,,1667,8.1,-15.9,,,
4684bc-d?,usgs,128,7.55,263,308,286,linear,,,1664,8.2,-15.5,,,
4684bc-d?,usgs,129,7.61,266,310,288,linear,,,1662,7.9,-15.5,,,
4684bc-d?,usgs,130,7.67,268,313,290,linear,,,1660,8.3,-15.5,,,
4684bc-d?,usgs,131,7.73,271,316,293,linear,,,1657,8.4,-15.3,,,
4684bc-d?,usgs,132,7.79,274,319,295,linear,,,1655,8.2,-15.5,,,
4684bc-d?,usgs,133,7.85,277,322,298,linear,,,1652,7.9,-14.6,,,
4684bc-d?,usgs,134,7.91,279,325,301,linear,,,1649,8.3,-15.2,,,
4684bc-d?,usgs,135,7.97,282,328,304,linear,,,1646,8.4,-16.0,,,
4684bc-d?,usgs,136,8.02,285,331,307,linear,,,1643,8.4,-15.7,,,
4684bc-d?,usgs,137,8.08,287,334,310,linear,,,1640,8.1,-15.5,,,
4684bc-d?,usgs,138,8.14,291,338,313,linear,,,1637,7.8,-15.5,,,
4684bc-d?,usgs,139,8.20,294,341,316,linear,,,1634,8.6,-15.0,,,
4684bc-d?,usgs,141,8.32,300,348,323,linear,,,1627,8.0,-14.6,,,
4684bc-d?,usgs,142,8.38,304,352,327,linear,,,1623,8.3,-15.0,,,
4684bc-d?,usgs,143,8.44,308,356,331,linear,,,1619,7.6,-15.3,,,
4684bc-d?,usgs,144,8.50,312,359,335,linear,,,1615,8.0,-16.2,,,
4684bc-d?,usgs,145,8.56,316,363,339,linear,,,1611,7.4,-15.7,,,
4684bc-d?,usgs,146,8.61,319,368,343,linear,,,1607,7.9,-15.6,,,
4684bc-d?,usgs,147,8.67,323,373,348,linear,,,1602,7.9,-15.4,,,
4684bc-d?,usgs,148,8.73,327,377,352,linear,,,1598,7.6,-16.2,,,
4684bc-d?,usgs,150,8.85,335,387,362,linear,,,1588,7.5,-15.8,,,
4684bc-d?,usgs,151,8.91,340,392,366,linear,,,1584,7.7,-15.5,,,
4684bc-d?,usgs,152,8.97,344,397,371,linear,,,1579,7.9,-15.4,,,
4684bc-d?,usgs,153,9.03,349,403,376,linear,,,1574,7.4,-15.5,,,
4684bc-d?,usgs,154,9.09,353,408,382,linear,,,1568,7.6,-15.6,,,
4684bc-d?,usgs,155,9.15,358,414,387,linear,,,1563,7.9,-15.9,,,
4684bc-d?,usgs,157,9.26,368,425,398,linear,,,1552,7.7,-15.4,,,
4684bc-d?,usgs,158,9.32,371,430,403,linear,,,1547,9.0,-15.3,,,
4684bc-d?,usgs,159,9.38,375,436,409,linear,,,1541,7.6,-15.7,,,
4684bc-d?,usgs,160,9.44,380,441,414,linear,,,1536,8.2,-15.6,,,
4684bc-d?,usgs,161,9.50,385,447,420,linear,,,1530,8.5,-15.3,,,
4684bc-d?,usgs,162,9.56,390,453,426,linear,,,1524,8.2,-15.1,,,
4684bc-d?,usgs,163,9.62,394,459,431,linear,,,1519,8.3,-15.4,,,
4684bc-d?,usgs,164,9.68,398,465,437,linear,,,1513,8.6,-15.0,,,
4684bc-d?,usgs,166,9.79,408,478,449,linear,,,1501,8.2,-15.2,,,
4684bc-d?,usgs,167,9.85,412,485,455,linear,,,1495,8.1,-15.3,,,
4684bc-d?,usgs,168,9.91,416,491,461,linear,,,1489,8.4,-14.4,,,
4684bc-d?,usgs,169,9.97,421,498,467,linear,,,1483,8.1,-13.4,,,
4684bc-d?,usgs,170,10.03,425,505,474,linear,,,1476,8.3,-15.0,,,
4684bc-d?,usgs,171,10.09,429,512,480,linear,,,1470,8.2,-15.6,,,
4684bc-d?,usgs,172,10.15,433,519,486,linear,,,1464,7.5,-15.7,,,
4684bc-d?,usgs,173,10.21,438,526,492,linear,,,1458,7.9,-16.2,,,
4907bam1-1,john,1,0.17,,,,,,,1950,9.3,-16.8,,,
4907bam1-1,john,2,0.34,,,,,,,1950,9.0,-16.2,,,
4907bam1-1,john,3,0.51,,,,,,,1950,9.7,-16.3,,,
4907bam1-1,john,4,0.68,,,,,,,1950,9.2,-16.2,,,
4907bam1-1,john,5,0.85,,,,,,,1950,9.5,-16.1,,,
4907bam1-1,john,6,1.02,,,,,,,1950,8.9,-16.0,,,
4907bam1-1,john,7,1.19,,,,,,,1950,9.2,-16.1,,,
4907bam1-1,john,8,1.36,,,,,,,1950,9.2,-15.9,,,
4907bam1-1,john,9,1.53,,,,,,,1950,9.5,-15.6,,,
4907bam1-1,john,10,1.70,,,,,,,1950,8.7,-16.0,,,
4907bam1-1,john,11,1.87,,,,,,,1950,8.4,-15.5,,,
4907bam1-1,john,12,2.04,,,,,,,1950,9.2,-16.1,,,
4907bam1-1,john,13,2.21,,,,,,,1950,8.7,-16.0,,,
4907bam1-1,john,14,2.38,,,,,,,1950,8.7,-15.7,,,
4907bam1-1,john,15,2.55,,,,,,,1950,9.1,-15.5,,,
4907bam1-1,john,16,2.72,,,,,,,1950,8.5,-15.9,,,
4907bam1-1,john,17,2.89,,,,,,,1950,8.7,-15.9,,,
4907bam1-1,john,18,3.06,,,,,,,1950,9.2,-15.8,,,
4907bam1-1,john,19,3.23,,,,,,,1950,9.6,-15.2,,,
4907bam1-1,john,20,3.40,,,,,,,1950,8.5,-15.6,,,
4907bam1-1,john,21,3.57,,,,,,,1950,8.1,-15.9,,,
4907bam1-1,john,22,3.74,,,,,,,1950,9.2,-15.9,,,
4907bam1-1,john,23,3.91,,,,,,,1950,9.1,-15.8,,,
4907bam1-1,john,24,4.08,,,,,,,1950,9.3,-15.7,,,
4907bam1-1,john,25,4.25,,,,,,,1950,9.2,-15.7,,,
4907bam1-1,john,26,4.42,,,,,,,1950,9.1,-16.0,,,
4907bam1-1,john,27,4.59,,,,,,,1950,9.5,-16.0,,,
4907bam1-1,john,28,4.76,,,,,,,1950,9.1,-15.9,,,
4907bam1-1,john,29,4.93,,,,,,,1950,8.7,-15.8,,,
4907bam1-1,john,30,5.10,,,,,,,1950,9.8,-16.4,,,
4907bam1-1,john,31,5.27,,,,,,,1950,10.4,-15.8,,,
4907bam1-2,john,1,0.17,,,,,,,1950,9.1,-16.3,0.138885614,0.406162918,2.9
4907bam1-2,john,2,0.34,,,,,,,1950,8.8,-15.8,0.149609142,0.429266189,2.9
4907bam1-2,john,3,0.51,,,,,,,1950,8.7,-15.8,0.153378282,0.438047525,2.9
4907bam1-2,john,4,0.68,,,,,,,1950,8.4,-15.8,0.150998222,0.435432831,2.9
4907bam1-2,john,5,0.85,,,,,,,1950,8.8,-16.4,0.148364532,0.431873789,2.9
4907bam1-2,john,6,1.02,,,,,,,1950,8.4,-15.4,0.149079095,0.430886405,2.9
4907bam1-2,john,7,1.19,,,,,,,1950,8.0,-15.4,0.150603954,0.440388149,2.9
4907bam1-2,john,8,1.36,,,,,,,1950,7.9,-16.0,0.149861324,0.436185386,2.9
4907bam1-2,john,9,1.53,,,,,,,1950,8.3,-15.4,0.148637097,0.437609823,2.9
4907bam1-2,john,10,1.70,,,,,,,1950,7.5,-15.1,0.148233074,0.435252262,2.9
4907bam1-2,john,11,1.87,,,,,,,1950,7.7,-15.6,0.149493224,0.435634213,2.9
4907bam1-2,john,12,2.04,,,,,,,1950,8.3,-15.3,0.151871496,0.446435353,2.9
4907bam1-2,john,13,2.21,,,,,,,1950,7.8,-15.7,0.144584528,0.422460234,2.9
4907bam1-2,john,14,2.38,,,,,,,1950,8.1,-15.4,0.144475402,0.423911582,2.9
4907bam1-2,john,15,2.55,,,,,,,1950,7.6,-15.5,0.146382534,0.430448444,2.9
4907bam1-2,john,16,2.72,,,,,,,1950,8.0,-15.7,0.14164487,0.417695724,2.9
4907bam1-2,john,17,2.89,,,,,,,1950,8.5,-16.1,0.092981847,0.264647969,2.8
4907bam1-2,john,18,3.06,,,,,,,1950,9.2,-15.1,0.139422261,0.395103204,2.8
4907bam1-2,john,19,3.23,,,,,,,1950,8.8,-15.7,0.148977623,0.409601986,2.7
4907bam1-2,john,20,3.40,,,,,,,1950,8.9,-15.2,0.137821289,0.403226235,2.9
4907bam1-2,john,21,3.57,,,,,,,1950,8.8,-15.8,0.133865508,0.398482007,3.0
4907bam1-2,john,22,3.74,,,,,,,1950,9.4,-15.5,0.138769515,0.404087636,2.9
4907bam1-2,john,23,3.91,,,,,,,1950,9.3,-15.4,0.13787529,0.40801947,3.0
4907bam1-2,john,24,4.08,,,,,,,1950,9.3,-15.9,0.132693514,0.402400709,3.0
4907bam1-2,john,25,4.25,,,,,,,1950,9.4,-14.9,0.131946328,0.406569141,3.1
4907bam1-2,john,26,4.42,,,,,,,1950,8.9,-15.7,0.141167692,0.412992202,2.9
4907bam1-2,john,27,4.59,,,,,,,1950,9.3,-15.6,0.140570436,0.419034976,3.0
4907bam1-2,john,28,4.76,,,,,,,1950,9.0,-16.2,0.136846715,0.397060553,2.9
4907bam1-2,john,29,4.93,,,,,,,1950,9.1,-15.7,0.127512216,0.413783071,3.2
4907bam1-2,john,30,5.10,,,,,,,1950,9.7,-16.4,0.131327565,0.409620871,3.1
4686bc-d1-t1,john,1,,,,,,,,1950,9.5,-17.3,0.137987333,0.41590135,3.0
4686bc-d1-t1,john,2,,,,,,,,1950,9.7,-16.7,0.151075949,0.409461161,2.7
4686bc-d1-t1,john,3,,,,,,,,1950,10.2,-16.5,0.151062737,0.408442068,2.7
4686bc-d1-t1,john,4,,,,,,,,1950,10.2,-16.5,0.152245587,0.420868816,2.8
4686bc-d1-t1,john,5,,,,,,,,1950,10.0,-15.8,0.140543573,0.412610155,2.9
4686bc-d1-t1,john,6,,,,,,,,1950,10.1,-16.0,0.145958727,0.410572027,2.8
4686bc-d1-t1,john,7,,,,,,,,1950,9.9,-16.0,0.142014084,0.405623649,2.9
4686bc-d1-t1,john,8,,,,,,,,1950,9.4,-15.9,0.135887157,0.38970938,2.9
4686bc-d1-t1,john,9,,,,,,,,1950,8.8,-15.6,0.129640159,0.396380594,3.1
4686bc-d1-t1,john,10,,,,,,,,1950,9.0,-15.8,0.146207139,0.415918626,2.8
4686bc-d1-t1,john,11,,,,,,,,1950,8.6,-15.7,0.143807482,0.401902648,2.8
4686bc-d1-t1,john,12,,,,,,,,1950,8.6,-15.8,0.144895703,0.413427778,2.9
4686bc-d1-t1,john,13,,,,,,,,1950,8.6,-15.5,0.144522305,0.415054661,2.9
4686bc-d1-t1,john,14,,,,,,,,1950,8.5,-15.7,0.139227101,0.401350396,2.9
4686bc-d1-t1,john,15,,,,,,,,1950,8.5,-15.3,0.145742905,0.413935305,2.8
4686bc-d1-t1,john,16,,,,,,,,1950,9.3,-15.7,0.149867921,0.415397448,2.8
4686bc-d1-t1,john,17,,,,,,,,1950,8.8,-16.3,0.136848087,0.426880467,3.1
4686bc-d1-t1,john,18,,,,,,,,1950,9.2,-15.6,0.142244346,0.403055047,2.8
4686bc-d1-t1,john,19,,,,,,,,1950,8.8,-15.3,0.141882198,0.408562663,2.9
4686bc-d1-t1,john,20,,,,,,,,1950,8.5,-14.4,0.137140083,0.385771589,2.8
4686bc-d1-t1,john,21,,,,,,,,1950,8.4,-15.0,0.139401533,0.396619228,2.8
4686bc-d1-t1,john,22,,,,,,,,1950,8.4,-15.2,0.134190969,0.397959612,3.0
4686bc-d1-t1,john,23,,,,,,,,1950,8.6,-15.3,0.147805001,0.40727634,2.8
4686bc-d1-t1,john,24,,,,,,,,1950,9.0,-15.3,0.138228976,0.393069637,2.8
4686bc-d1-t1,john,25,,,,,,,,1950,8.8,-15.3,0.148632978,0.399570854,2.7
4686bc-d1-t1,john,26,,,,,,,,1950,8.6,-15.4,0.145602341,0.400032489,2.7
4686bc-d1-t1,john,27,,,,,,,,1950,8.2,-15.8,0.124844597,0.401782547,3.2
4686bc-d1-t1,john,28,,,,,,,,1950,8.9,-15.6,0.144960318,0.410071965,2.8
4686bc-d1-t1,john,29,,,,,,,,1950,9.0,-15.1,0.145188268,0.405506953,2.8
4686bc-d1-t1,john,30,,,,,,,,1950,8.7,-15.1,0.152043673,0.411080562,2.7
4686bc-d1-t1,john,31,,,,,,,,1950,8.2,-15.3,0.140980525,0.394483957,2.8
4686bc-d1-t1,john,32,,,,,,,,1950,,,,,
4686bc-d1-t1,john,33,,,,,,,,1950,,,,,
4686bc-d1-t1,john,34,,,,,,,,1950,7.8,-15.9,0.140214774,0.406577236,2.9
4686bc-d1-t1,john,35,,,,,,,,1950,7.3,-12.0,0.144533071,0.475053789,3.3
4686bc-d1-t1,john,36,,,,,,,,1950,8.0,-15.5,0.14630041,0.404744316,2.8
4686bc-d1-t1,john,37,,,,,,,,1950,7.9,-15.5,0.143325093,0.400651344,2.8
4686bc-d1-t1,john,38,,,,,,,,1950,8.0,-15.7,0.146958789,0.413514232,2.8
4686bc-d1-t1,john,39,,,,,,,,1950,7.6,-16.2,0.137145195,0.439941824,3.2
4686bc-d1-t1,john,40,,,,,,,,1950,7.4,-18.5,0.132528422,0.439369762,3.3
4686bc-d1-t1,john,41,,,,,,,,1950,7.6,-17.2,0.138711301,0.414521474,3.0
4686bc-d1-t1,john,42,,,,,,,,1950,7.8,-16.3,0.14054987,0.40623588,2.9
4686bc-d1-t1,john,43,,,,,,,,1950,7.6,-16.1,0.136974641,0.406707789,3.0
4686bc-d1-t1,john,44,,,,,,,,1950,7.6,-16.0,0.137585379,0.40739719,3.0
4686bc-d1-t1,john,45,,,,,,,,1950,7.8,-16.0,0.147336054,0.409697911,2.8
4686bc-d1-t1,john,46,,,,,,,,1950,7.4,-16.4,0.140314576,0.414451005,3.0
4686bc-d1-t1,john,47,,,,,,,,1950,7.6,-16.0,0.142832445,0.405506329,2.8
4686bc-d1-t1,john,48,,,,,,,,1950,7.3,-16.4,0.140773334,0.421262407,3.0
4686bc-d1-t1,john,49,,,,,,,,1950,7.4,-16.6,0.135050436,0.40968134,3.0
4686bc-d1-t1,john,50,,,,,,,,1950,7.1,-17.6,0.146558325,0.438940916,3.0
