{
  "xmlId" : "1446",
  "NOAAStudyId" : "2519",
  "studyName" : "Atlantic temperature during the past 2,000 years ",
  "doi" : null,
  "dataPublisher" : "NOAA",
  "contactInfo" : {
    "type" : "CONTACT INFORMATION",
    "shortName" : "DOC/NOAA/NESDIS/NCEI",
    "longName" : "National Centers for Environmental Information, NESDIS, NOAA, U.S. Department of Commerce ",
    "address" : "325 Broadway, E/NE31",
    "city" : "Boulder",
    "state" : "CO",
    "postalCode" : "80305-3328",
    "country" : "USA",
    "dataCenterUrl" : "https://www.ncdc.noaa.gov/data-access/paleoclimatology-data",
    "email" : "paleo@noaa.gov",
    "phone" : "303-497-6280",
    "fax" : "303-497-6513",
    "constraints" : "Please cite original publication, online resource, dataset and publication DOIs (where available), and date accessed when using downloaded data. If there is no publication information, please cite investigator, title, online resource, and date accessed. The appearance of external links associated with a dataset does not constitute endorsement by the Department of Commerce/National Oceanic and Atmospheric Administration of external Web sites or the information, products or services contained therein. For other than authorized activities, the Department of Commerce/NOAA does not exercise any editorial control over the information you may find at these locations. These links are provided consistent with the stated purpose of this Department of Commerce/NOAA Web site."
  },
  "dataType" : "PALEOCEANOGRAPHY",
  "investigators" : "Keigwin, L.D.",
  "version" : "1.0",
  "funding" : [ ],
  "studyNotes" : null,
  "onlineResourceLink" : "https://www.ncdc.noaa.gov/paleo/study/2519",
  "difMetadataLink" : "http://www1.ncdc.noaa.gov/pub/data/metadata/published/paleo/dif/xml/noaa-ocean-2519.xml",
  "originalSource" : null,
  "dataTypeInformation" : "https://www.ncdc.noaa.gov/data-access/paleoclimatology-data/datasets/paleoceanography",
  "studyCode" : null,
  "scienceKeywords" : null,
  "reconstruction" : "N",
  "contributionDate" : "1996-07-01",
  "entryId" : "noaa-ocean-2519",
  "earliestYearBP" : 3338,
  "mostRecentYearBP" : 0,
  "earliestYearCE" : -1388,
  "mostRecentYearCE" : 1950,
  "publication" : [ {
    "author" : null,
    "pubYear" : 1996,
    "title" : "The Little Ice Age and Medieval Warm Period in the Sargasso Sea",
    "journal" : "Science",
    "volume" : null,
    "edition" : null,
    "issue" : null,
    "pages" : null,
    "reportNumber" : null,
    "citation" : "Keigwin, L.D. 1996. The Little Ice Age and Medieval Warm Period in the Sargasso Sea. Science 274:1504-1508.",
    "type" : "publication",
    "identifier" : null,
    "abstract" : null,
    "pubRank" : "1"
  } ],
  "site" : [ {
    "NOAASiteId" : "19056",
    "siteName" : "BC-004",
    "mappable" : "Y",
    "locationName" : "Ocean>Atlantic Ocean>North Atlantic Ocean",
    "geo" : {
      "geoType" : "Feature",
      "geometry" : {
        "type" : "POINT",
        "coordinates" : [ "33.72", "-57.63" ]
      },
      "properties" : {
        "southernmostLatitude" : "33.72",
        "northernmostLatitude" : "33.72",
        "westernmostLongitude" : "-57.63",
        "easternmostLongitude" : "-57.63",
        "minElevationMeters" : "-4418",
        "maxElevationMeters" : "-4418"
      }
    },
    "paleoData" : [ {
      "dataTableName" : "BC-004D",
      "NOAADataTableId" : "4055",
      "earliestYear" : 3125,
      "mostRecentYear" : 0,
      "timeUnit" : "14C yr BP",
      "earliestYearBP" : 3338,
      "mostRecentYearBP" : 0,
      "earliestYearCE" : -1388,
      "mostRecentYearCE" : 1950,
      "coreLengthMeters" : null,
      "dataTableNotes" : "Data precision- carbonate: ~1%; d18-O: ~0.1 permil ",
      "species" : [ ],
      "dataFile" : [ {
        "fileUrl" : "https://www1.ncdc.noaa.gov/pub/data/paleo/contributions_by_author/keigwin1996",
        "urlDescription" : "Original Data and Full Metadata",
        "linkText" : "keigwin1996",
        "variables" : [ ],
        "NOAAKeywords" : [ "earth science>paleoclimate>paleocean>age control", "earth science>paleoclimate>paleocean>lithology", "earth science>paleoclimate>paleocean>oxygen isotopes" ]
      }, {
        "fileUrl" : "https://www1.ncdc.noaa.gov/pub/data/paleo/paleocean/sediment_files/complete/bc004d-tab.txt",
        "urlDescription" : "Alternate Format Data",
        "linkText" : "bc004d-tab.txt",
        "variables" : [ {
          "cvDataType" : "PALEOCEANOGRAPHY",
          "cvWhat" : "depth variable>depth",
          "cvMaterial" : null,
          "cvError" : null,
          "cvUnit" : "centimeter",
          "cvSeasonality" : null,
          "cvDetail" : null,
          "cvMethod" : null,
          "cvAdditionalInfo" : null,
          "cvFormat" : "Numeric",
          "cvShortName" : null
        }, {
          "cvDataType" : "PALEOCEANOGRAPHY",
          "cvWhat" : "age variable>age",
          "cvMaterial" : null,
          "cvError" : null,
          "cvUnit" : "radiocarbon year before present",
          "cvSeasonality" : null,
          "cvDetail" : null,
          "cvMethod" : null,
          "cvAdditionalInfo" : null,
          "cvFormat" : "Numeric",
          "cvShortName" : null
        }, {
          "cvDataType" : "PALEOCEANOGRAPHY",
          "cvWhat" : "geological material>identified mineral>carbonate>calcium carbonate",
          "cvMaterial" : "geological material>bulk geological material>sediment",
          "cvError" : null,
          "cvUnit" : "percent",
          "cvSeasonality" : null,
          "cvDetail" : null,
          "cvMethod" : null,
          "cvAdditionalInfo" : null,
          "cvFormat" : "Numeric",
          "cvShortName" : null
        }, {
          "cvDataType" : "PALEOCEANOGRAPHY",
          "cvWhat" : "chemical composition>isotope>isotope ratio>delta 18O",
          "cvMaterial" : "biological material>organism>foraminifer>planktic foraminifer>Globigerinoides sp.>Globigerinoides ruber",
          "cvError" : null,
          "cvUnit" : "per mil PDB",
          "cvSeasonality" : null,
          "cvDetail" : null,
          "cvMethod" : null,
          "cvAdditionalInfo" : null,
          "cvFormat" : "Numeric",
          "cvShortName" : null
        } ],
        "NOAAKeywords" : [ "earth science>paleoclimate>paleocean>age control", "earth science>paleoclimate>paleocean>oxygen isotopes", "earth science>paleoclimate>paleocean>lithology" ]
      } ]
    }, {
      "dataTableName" : "BC-004A",
      "NOAADataTableId" : "4056",
      "earliestYear" : 2867,
      "mostRecentYear" : 47,
      "timeUnit" : "14C yr BP",
      "earliestYearBP" : 3010,
      "mostRecentYearBP" : 0,
      "earliestYearCE" : -1060,
      "mostRecentYearCE" : 1950,
      "coreLengthMeters" : null,
      "dataTableNotes" : "Data precision- carbonate: ~1%; d18-O: ~0.1 permil ",
      "species" : [ ],
      "dataFile" : [ {
        "fileUrl" : "https://www1.ncdc.noaa.gov/pub/data/paleo/contributions_by_author/keigwin1996",
        "urlDescription" : "Original Data and Full Metadata",
        "linkText" : "keigwin1996",
        "variables" : [ ],
        "NOAAKeywords" : [ "earth science>paleoclimate>paleocean>oxygen isotopes", "earth science>paleoclimate>paleocean>age control", "earth science>paleoclimate>paleocean>lithology" ]
      }, {
        "fileUrl" : "https://www1.ncdc.noaa.gov/pub/data/paleo/paleocean/sediment_files/complete/bc004a-tab.txt",
        "urlDescription" : "Alternate Format Data",
        "linkText" : "bc004a-tab.txt",
        "variables" : [ {
          "cvDataType" : "PALEOCEANOGRAPHY",
          "cvWhat" : "depth variable>depth",
          "cvMaterial" : null,
          "cvError" : null,
          "cvUnit" : "centimeter",
          "cvSeasonality" : null,
          "cvDetail" : null,
          "cvMethod" : null,
          "cvAdditionalInfo" : null,
          "cvFormat" : "Numeric",
          "cvShortName" : null
        }, {
          "cvDataType" : "PALEOCEANOGRAPHY",
          "cvWhat" : "age variable>age",
          "cvMaterial" : null,
          "cvError" : null,
          "cvUnit" : "radiocarbon year before present",
          "cvSeasonality" : null,
          "cvDetail" : null,
          "cvMethod" : null,
          "cvAdditionalInfo" : null,
          "cvFormat" : "Numeric",
          "cvShortName" : null
        }, {
          "cvDataType" : "PALEOCEANOGRAPHY",
          "cvWhat" : "geological material>identified mineral>carbonate>calcium carbonate",
          "cvMaterial" : "geological material>bulk geological material>sediment",
          "cvError" : null,
          "cvUnit" : "percent",
          "cvSeasonality" : null,
          "cvDetail" : null,
          "cvMethod" : null,
          "cvAdditionalInfo" : null,
          "cvFormat" : "Numeric",
          "cvShortName" : null
        }, {
          "cvDataType" : "PALEOCEANOGRAPHY",
          "cvWhat" : "chemical composition>isotope>isotope ratio>delta 18O",
          "cvMaterial" : "biological material>organism>foraminifer>planktic foraminifer>Globigerinoides sp.>Globigerinoides ruber",
          "cvError" : null,
          "cvUnit" : "per mil PDB",
          "cvSeasonality" : null,
          "cvDetail" : null,
          "cvMethod" : null,
          "cvAdditionalInfo" : null,
          "cvFormat" : "Numeric",
          "cvShortName" : null
        } ],
        "NOAAKeywords" : [ "earth science>paleoclimate>paleocean>age control", "earth science>paleoclimate>paleocean>lithology", "earth science>paleoclimate>paleocean>oxygen isotopes" ]
      } ]
    } ]
  } ]
}