{
  "xmlId" : "1587",
  "NOAAStudyId" : "2588",
  "studyName" : "Interglacial North Atlantic Temperature and Salinity Data ",
  "doi" : null,
  "dataPublisher" : "NOAA",
  "contactInfo" : {
    "type" : "CONTACT INFORMATION",
    "shortName" : "DOC/NOAA/NESDIS/NCEI",
    "longName" : "National Centers for Environmental Information, NESDIS, NOAA, U.S. Department of Commerce ",
    "address" : "325 Broadway, E/NE31",
    "city" : "Boulder",
    "state" : "CO",
    "postalCode" : "80305-3328",
    "country" : "USA",
    "dataCenterUrl" : "https://www.ncdc.noaa.gov/data-access/paleoclimatology-data",
    "email" : "paleo@noaa.gov",
    "phone" : "303-497-6280",
    "fax" : "303-497-6513",
    "constraints" : "Please cite original publication, online resource, dataset and publication DOIs (where available), and date accessed when using downloaded data. If there is no publication information, please cite investigator, title, online resource, and date accessed. The appearance of external links associated with a dataset does not constitute endorsement by the Department of Commerce/National Oceanic and Atmospheric Administration of external Web sites or the information, products or services contained therein. For other than authorized activities, the Department of Commerce/NOAA does not exercise any editorial control over the information you may find at these locations. These links are provided consistent with the stated purpose of this Department of Commerce/NOAA Web site."
  },
  "dataType" : "PALEOCEANOGRAPHY",
  "investigators" : "Cortijo, E.; Lehman, S.J.; Keigwin, L.D.; Chapman, M.R.; Paillard, D.; Labeyrie, L.D.",
  "version" : "1.0",
  "funding" : [ ],
  "studyNotes" : null,
  "onlineResourceLink" : "https://www.ncdc.noaa.gov/paleo/study/2588",
  "difMetadataLink" : "http://www1.ncdc.noaa.gov/pub/data/metadata/published/paleo/dif/xml/noaa-ocean-2588.xml",
  "originalSource" : null,
  "dataTypeInformation" : "https://www.ncdc.noaa.gov/data-access/paleoclimatology-data/datasets/paleoceanography",
  "studyCode" : null,
  "scienceKeywords" : null,
  "reconstruction" : "Y",
  "contributionDate" : "1999-07-01",
  "entryId" : "noaa-ocean-2588",
  "earliestYearBP" : null,
  "mostRecentYearBP" : null,
  "earliestYearCE" : null,
  "mostRecentYearCE" : null,
  "publication" : [ {
    "author" : null,
    "pubYear" : 1999,
    "title" : "Changes in meridional temperature and salinity gradients in the North Atlantic Ocean (30-72N) during the last interglacial period",
    "journal" : "Paleoceanography",
    "volume" : null,
    "edition" : null,
    "issue" : null,
    "pages" : null,
    "reportNumber" : null,
    "citation" : "Cortijo, E., S.J. Lehman, L.D. Keigwin, M.R. Chapman, D. Paillard, and L. Labeyrie. 1999. Changes in meridional temperature and salinity gradients in the North Atlantic Ocean (30-72N) during the last interglacial period. Paleoceanography 14(1):22-33.",
    "type" : "publication",
    "identifier" : null,
    "abstract" : null,
    "pubRank" : "1"
  } ],
  "site" : [ {
    "NOAASiteId" : "17905",
    "siteName" : "V27-60",
    "mappable" : "Y",
    "locationName" : "Ocean>Arctic Ocean",
    "geo" : {
      "geoType" : "Feature",
      "geometry" : {
        "type" : "POINT",
        "coordinates" : [ "72.18", "8.58" ]
      },
      "properties" : {
        "southernmostLatitude" : "72.18",
        "northernmostLatitude" : "72.18",
        "westernmostLongitude" : "8.58",
        "easternmostLongitude" : "8.58",
        "minElevationMeters" : "-2525",
        "maxElevationMeters" : "-2525"
      }
    },
    "paleoData" : [ {
      "dataTableName" : "V27-60C",
      "NOAADataTableId" : "4234",
      "earliestYear" : null,
      "mostRecentYear" : null,
      "timeUnit" : null,
      "earliestYearBP" : null,
      "mostRecentYearBP" : null,
      "earliestYearCE" : null,
      "mostRecentYearCE" : null,
      "coreLengthMeters" : null,
      "dataTableNotes" : "Benthic foraminifer d18O measurements used for the definition of the 5e plateau. Planktonic foraminifer d18O measurements and summer SST used for reconstruction of salinities for the last interglacial. Because the age scale of isotopic substage 5e is difficult to build and subjective choices must be made, we decided to put all the cores on the same depth (the depth of core JPC8) and then to constrain  the age scale following the age scale of Adkins et al (1997).",
      "species" : [ ],
      "dataFile" : [ {
        "fileUrl" : "https://www1.ncdc.noaa.gov/pub/data/paleo/contributions_by_author/cortijo1999",
        "urlDescription" : "Original Data and Full Metadata",
        "linkText" : "cortijo1999",
        "variables" : [ ],
        "NOAAKeywords" : [ "earth science>paleoclimate>paleocean>other", "earth science>paleoclimate>paleocean>reconstruction", "earth science>paleoclimate>paleocean>oxygen isotopes" ]
      }, {
        "fileUrl" : "https://www1.ncdc.noaa.gov/pub/data/paleo/paleocean/sediment_files/complete/v27-60c-tab.txt",
        "urlDescription" : "Alternate Format Data",
        "linkText" : "v27-60c-tab.txt",
        "variables" : [ {
          "cvDataType" : "CLIMATE RECONSTRUCTIONS|PALEOCEANOGRAPHY",
          "cvWhat" : "chemical composition>isotope>isotope ratio>delta 18O",
          "cvMaterial" : "hydrologic material>sea water|reconstruction material>biological assemblage>foraminifer assemblage|reconstruction material>isotope ratio>delta 18O",
          "cvError" : null,
          "cvUnit" : "per mil PDB",
          "cvSeasonality" : null,
          "cvDetail" : null,
          "cvMethod" : null,
          "cvAdditionalInfo" : null,
          "cvFormat" : "Numeric",
          "cvShortName" : null
        }, {
          "cvDataType" : "CLIMATE RECONSTRUCTIONS|PALEOCEANOGRAPHY",
          "cvWhat" : "chemical composition>solution property>salinity",
          "cvMaterial" : "hydrologic material>sea water>sea surface|reconstruction material>biological assemblage>foraminifer assemblage|reconstruction material>isotope ratio>delta 18O",
          "cvError" : null,
          "cvUnit" : "practical salinity unit",
          "cvSeasonality" : null,
          "cvDetail" : null,
          "cvMethod" : null,
          "cvAdditionalInfo" : "using global average d18Osw/salinity relationship",
          "cvFormat" : "Numeric",
          "cvShortName" : null
        }, {
          "cvDataType" : "CLIMATE RECONSTRUCTIONS|PALEOCEANOGRAPHY",
          "cvWhat" : "earth system variable>temperature variable>temperature>sea water temperature>sea surface temperature",
          "cvMaterial" : "reconstruction material>biological assemblage>foraminifer assemblage",
          "cvError" : null,
          "cvUnit" : "degree Celsius",
          "cvSeasonality" : "1-month period>Aug",
          "cvDetail" : null,
          "cvMethod" : "modern analogue technique",
          "cvAdditionalInfo" : null,
          "cvFormat" : "Numeric",
          "cvShortName" : null
        }, {
          "cvDataType" : "PALEOCEANOGRAPHY",
          "cvWhat" : "depth variable>depth",
          "cvMaterial" : null,
          "cvError" : null,
          "cvUnit" : "centimeter",
          "cvSeasonality" : null,
          "cvDetail" : null,
          "cvMethod" : null,
          "cvAdditionalInfo" : null,
          "cvFormat" : "Numeric",
          "cvShortName" : null
        }, {
          "cvDataType" : "PALEOCEANOGRAPHY",
          "cvWhat" : "depth variable>depth",
          "cvMaterial" : null,
          "cvError" : null,
          "cvUnit" : "centimeter",
          "cvSeasonality" : null,
          "cvDetail" : null,
          "cvMethod" : null,
          "cvAdditionalInfo" : "Depth correlated to JPC14",
          "cvFormat" : "Numeric",
          "cvShortName" : null
        }, {
          "cvDataType" : "PALEOCEANOGRAPHY",
          "cvWhat" : "chemical composition>isotope>isotope ratio>delta 18O",
          "cvMaterial" : "biological material>organism>foraminifer>benthic foraminifer",
          "cvError" : null,
          "cvUnit" : "per mil PDB",
          "cvSeasonality" : null,
          "cvDetail" : null,
          "cvMethod" : null,
          "cvAdditionalInfo" : null,
          "cvFormat" : "Numeric",
          "cvShortName" : null
        }, {
          "cvDataType" : "PALEOCEANOGRAPHY",
          "cvWhat" : "chemical composition>isotope>isotope ratio>delta 18O",
          "cvMaterial" : "biological material>organism>foraminifer>planktic foraminifer>Neogloboquadrina sp.>Neogloboquadrina pachyderma>Neogloboquadrina pachyderma sinistral",
          "cvError" : null,
          "cvUnit" : "per mil PDB",
          "cvSeasonality" : null,
          "cvDetail" : null,
          "cvMethod" : null,
          "cvAdditionalInfo" : null,
          "cvFormat" : "Numeric",
          "cvShortName" : null
        } ],
        "NOAAKeywords" : [ "earth science>paleoclimate>paleocean>reconstruction", "earth science>paleoclimate>paleocean>other", "earth science>paleoclimate>paleocean>oxygen isotopes" ]
      } ]
    } ]
  }, {
    "NOAASiteId" : "19113",
    "siteName" : "NEAP18K",
    "mappable" : "Y",
    "locationName" : "Ocean>Atlantic Ocean>North Atlantic Ocean",
    "geo" : {
      "geoType" : "Feature",
      "geometry" : {
        "type" : "POINT",
        "coordinates" : [ "52.77", "-30.35" ]
      },
      "properties" : {
        "southernmostLatitude" : "52.77",
        "northernmostLatitude" : "52.77",
        "westernmostLongitude" : "-30.35",
        "easternmostLongitude" : "-30.35",
        "minElevationMeters" : "-3275",
        "maxElevationMeters" : "-3275"
      }
    },
    "paleoData" : [ {
      "dataTableName" : "NEAP18KE",
      "NOAADataTableId" : "4232",
      "earliestYear" : null,
      "mostRecentYear" : null,
      "timeUnit" : null,
      "earliestYearBP" : null,
      "mostRecentYearBP" : null,
      "earliestYearCE" : null,
      "mostRecentYearCE" : null,
      "coreLengthMeters" : null,
      "dataTableNotes" : "Benthic foraminifer d18O measurements used for the definition of the 5e plateau. Planktonic foraminifer d18O measurements and summer SST used for reconstruction of salinities for the last interglacial. Because the age scale of isotopic substage 5e is difficult to build and subjective choices must be made, we decided to put all the cores on the same depth (the depth of core JPC8) and then to constrain  the age scale following the age scale of Adkins et al (1997).",
      "species" : [ ],
      "dataFile" : [ {
        "fileUrl" : "https://www1.ncdc.noaa.gov/pub/data/paleo/contributions_by_author/cortijo1999",
        "urlDescription" : "Original Data and Full Metadata",
        "linkText" : "cortijo1999",
        "variables" : [ ],
        "NOAAKeywords" : [ "earth science>paleoclimate>paleocean>other", "earth science>paleoclimate>paleocean>reconstruction", "earth science>paleoclimate>paleocean>oxygen isotopes" ]
      }, {
        "fileUrl" : "https://www1.ncdc.noaa.gov/pub/data/paleo/paleocean/sediment_files/complete/neap18ke-tab.txt",
        "urlDescription" : "Alternate Format Data",
        "linkText" : "neap18ke-tab.txt",
        "variables" : [ {
          "cvDataType" : "CLIMATE RECONSTRUCTIONS|PALEOCEANOGRAPHY",
          "cvWhat" : "chemical composition>isotope>isotope ratio>delta 18O",
          "cvMaterial" : "hydrologic material>sea water|reconstruction material>biological assemblage>foraminifer assemblage|reconstruction material>isotope ratio>delta 18O",
          "cvError" : null,
          "cvUnit" : "per mil PDB",
          "cvSeasonality" : null,
          "cvDetail" : null,
          "cvMethod" : null,
          "cvAdditionalInfo" : null,
          "cvFormat" : "Numeric",
          "cvShortName" : null
        }, {
          "cvDataType" : "CLIMATE RECONSTRUCTIONS|PALEOCEANOGRAPHY",
          "cvWhat" : "chemical composition>solution property>salinity",
          "cvMaterial" : "hydrologic material>sea water>sea surface|reconstruction material>biological assemblage>foraminifer assemblage|reconstruction material>isotope ratio>delta 18O",
          "cvError" : null,
          "cvUnit" : "practical salinity unit",
          "cvSeasonality" : null,
          "cvDetail" : null,
          "cvMethod" : null,
          "cvAdditionalInfo" : "using global average d18Osw/salinity relationship",
          "cvFormat" : "Numeric",
          "cvShortName" : null
        }, {
          "cvDataType" : "CLIMATE RECONSTRUCTIONS|PALEOCEANOGRAPHY",
          "cvWhat" : "earth system variable>temperature variable>temperature>sea water temperature>sea surface temperature",
          "cvMaterial" : "reconstruction material>biological assemblage>foraminifer assemblage",
          "cvError" : null,
          "cvUnit" : "degree Celsius",
          "cvSeasonality" : "1-month period>Aug",
          "cvDetail" : null,
          "cvMethod" : "modern analogue technique",
          "cvAdditionalInfo" : null,
          "cvFormat" : "Numeric",
          "cvShortName" : null
        }, {
          "cvDataType" : "PALEOCEANOGRAPHY",
          "cvWhat" : "depth variable>depth",
          "cvMaterial" : null,
          "cvError" : null,
          "cvUnit" : "centimeter",
          "cvSeasonality" : null,
          "cvDetail" : null,
          "cvMethod" : null,
          "cvAdditionalInfo" : null,
          "cvFormat" : "Numeric",
          "cvShortName" : null
        }, {
          "cvDataType" : "PALEOCEANOGRAPHY",
          "cvWhat" : "chemical composition>isotope>isotope ratio>delta 18O",
          "cvMaterial" : "biological material>organism>foraminifer>benthic foraminifer>calcareous benthic foraminifer>Cibicidoides sp.>Cibicidoides wuellerstorfi",
          "cvError" : null,
          "cvUnit" : "per mil PDB",
          "cvSeasonality" : null,
          "cvDetail" : null,
          "cvMethod" : null,
          "cvAdditionalInfo" : null,
          "cvFormat" : "Numeric",
          "cvShortName" : null
        }, {
          "cvDataType" : "PALEOCEANOGRAPHY",
          "cvWhat" : "chemical composition>isotope>isotope ratio>delta 18O",
          "cvMaterial" : "biological material>organism>foraminifer>planktic foraminifer>Globigerina sp.>Globigerina bulloides",
          "cvError" : null,
          "cvUnit" : "per mil PDB",
          "cvSeasonality" : null,
          "cvDetail" : null,
          "cvMethod" : null,
          "cvAdditionalInfo" : null,
          "cvFormat" : "Numeric",
          "cvShortName" : null
        }, {
          "cvDataType" : "PALEOCEANOGRAPHY",
          "cvWhat" : "depth variable>depth",
          "cvMaterial" : null,
          "cvError" : null,
          "cvUnit" : "centimeter",
          "cvSeasonality" : null,
          "cvDetail" : null,
          "cvMethod" : null,
          "cvAdditionalInfo" : "Depth correlated to JPC12",
          "cvFormat" : "Numeric",
          "cvShortName" : null
        } ],
        "NOAAKeywords" : [ "earth science>paleoclimate>paleocean>reconstruction", "earth science>paleoclimate>paleocean>other", "earth science>paleoclimate>paleocean>oxygen isotopes" ]
      } ]
    } ]
  }, {
    "NOAASiteId" : "19155",
    "siteName" : "EW9302-8JPC",
    "mappable" : "Y",
    "locationName" : "Ocean>Atlantic Ocean>North Atlantic Ocean",
    "geo" : {
      "geoType" : "Feature",
      "geometry" : {
        "type" : "POINT",
        "coordinates" : [ "61", "-25" ]
      },
      "properties" : {
        "southernmostLatitude" : "61",
        "northernmostLatitude" : "61",
        "westernmostLongitude" : "-25",
        "easternmostLongitude" : "-25",
        "minElevationMeters" : "-1917",
        "maxElevationMeters" : "-1917"
      }
    },
    "paleoData" : [ {
      "dataTableName" : "JPC8-C",
      "NOAADataTableId" : "4228",
      "earliestYear" : null,
      "mostRecentYear" : null,
      "timeUnit" : null,
      "earliestYearBP" : null,
      "mostRecentYearBP" : null,
      "earliestYearCE" : null,
      "mostRecentYearCE" : null,
      "coreLengthMeters" : null,
      "dataTableNotes" : "Benthic foraminifer d18O measurements used for the definition of the 5e plateau. Planktonic foraminifer d18O measurements and summer SST used for reconstruction of salinities for the last interglacial. Because the age scale of isotopic substage 5e is difficult to build and subjective choices must be made, we decided to put all the cores on the same depth (the depth of core JPC8) and then to constrain  the age scale following the age scale of Adkins et al (1997).",
      "species" : [ ],
      "dataFile" : [ {
        "fileUrl" : "https://www1.ncdc.noaa.gov/pub/data/paleo/contributions_by_author/cortijo1999",
        "urlDescription" : "Original Data and Full Metadata",
        "linkText" : "cortijo1999",
        "variables" : [ ],
        "NOAAKeywords" : [ "earth science>paleoclimate>paleocean>oxygen isotopes", "earth science>paleoclimate>paleocean>reconstruction" ]
      }, {
        "fileUrl" : "https://www1.ncdc.noaa.gov/pub/data/paleo/paleocean/sediment_files/complete/jpc8-c-tab.txt",
        "urlDescription" : "Alternate Format Data",
        "linkText" : "jpc8-c-tab.txt",
        "variables" : [ {
          "cvDataType" : "CLIMATE RECONSTRUCTIONS|PALEOCEANOGRAPHY",
          "cvWhat" : "earth system variable>temperature variable>temperature>sea water temperature>sea surface temperature",
          "cvMaterial" : "reconstruction material>biological assemblage>foraminifer assemblage",
          "cvError" : null,
          "cvUnit" : "degree Celsius",
          "cvSeasonality" : "1-month period>Aug",
          "cvDetail" : null,
          "cvMethod" : "modern analogue technique",
          "cvAdditionalInfo" : null,
          "cvFormat" : "Numeric",
          "cvShortName" : null
        }, {
          "cvDataType" : "CLIMATE RECONSTRUCTIONS|PALEOCEANOGRAPHY",
          "cvWhat" : "chemical composition>isotope>isotope ratio>delta 18O",
          "cvMaterial" : "hydrologic material>sea water|reconstruction material>biological assemblage>foraminifer assemblage|reconstruction material>isotope ratio>delta 18O",
          "cvError" : null,
          "cvUnit" : "per mil PDB",
          "cvSeasonality" : null,
          "cvDetail" : null,
          "cvMethod" : null,
          "cvAdditionalInfo" : null,
          "cvFormat" : "Numeric",
          "cvShortName" : null
        }, {
          "cvDataType" : "CLIMATE RECONSTRUCTIONS|PALEOCEANOGRAPHY",
          "cvWhat" : "chemical composition>solution property>salinity",
          "cvMaterial" : "hydrologic material>sea water>sea surface|reconstruction material>biological assemblage>foraminifer assemblage|reconstruction material>isotope ratio>delta 18O",
          "cvError" : null,
          "cvUnit" : "practical salinity unit",
          "cvSeasonality" : null,
          "cvDetail" : null,
          "cvMethod" : null,
          "cvAdditionalInfo" : "using global average d18Osw/salinity relationship",
          "cvFormat" : "Numeric",
          "cvShortName" : null
        }, {
          "cvDataType" : "PALEOCEANOGRAPHY",
          "cvWhat" : "depth variable>depth",
          "cvMaterial" : null,
          "cvError" : null,
          "cvUnit" : "centimeter",
          "cvSeasonality" : null,
          "cvDetail" : null,
          "cvMethod" : null,
          "cvAdditionalInfo" : null,
          "cvFormat" : "Numeric",
          "cvShortName" : null
        }, {
          "cvDataType" : "PALEOCEANOGRAPHY",
          "cvWhat" : "chemical composition>isotope>isotope ratio>delta 18O",
          "cvMaterial" : "biological material>organism>foraminifer>benthic foraminifer>calcareous benthic foraminifer>Cibicidoides sp.>Cibicidoides wuellerstorfi",
          "cvError" : null,
          "cvUnit" : "per mil PDB",
          "cvSeasonality" : null,
          "cvDetail" : null,
          "cvMethod" : null,
          "cvAdditionalInfo" : null,
          "cvFormat" : "Numeric",
          "cvShortName" : null
        }, {
          "cvDataType" : "PALEOCEANOGRAPHY",
          "cvWhat" : "chemical composition>isotope>isotope ratio>delta 18O",
          "cvMaterial" : "biological material>organism>foraminifer>planktic foraminifer>Neogloboquadrina sp.>Neogloboquadrina pachyderma>Neogloboquadrina pachyderma dextral",
          "cvError" : null,
          "cvUnit" : "per mil PDB",
          "cvSeasonality" : null,
          "cvDetail" : null,
          "cvMethod" : null,
          "cvAdditionalInfo" : null,
          "cvFormat" : "Numeric",
          "cvShortName" : null
        } ],
        "NOAAKeywords" : [ "earth science>paleoclimate>paleocean>reconstruction", "earth science>paleoclimate>paleocean>oxygen isotopes" ]
      } ]
    } ]
  }, {
    "NOAASiteId" : "19156",
    "siteName" : "KNR140-37JPC",
    "mappable" : "Y",
    "locationName" : "Ocean>Atlantic Ocean>North Atlantic Ocean",
    "geo" : {
      "geoType" : "Feature",
      "geometry" : {
        "type" : "POINT",
        "coordinates" : [ "31.68", "-75.42" ]
      },
      "properties" : {
        "southernmostLatitude" : "31.68",
        "northernmostLatitude" : "31.68",
        "westernmostLongitude" : "-75.42",
        "easternmostLongitude" : "-75.42",
        "minElevationMeters" : "-2972",
        "maxElevationMeters" : "-2972"
      }
    },
    "paleoData" : [ {
      "dataTableName" : "JPC37-C",
      "NOAADataTableId" : "4229",
      "earliestYear" : null,
      "mostRecentYear" : null,
      "timeUnit" : null,
      "earliestYearBP" : null,
      "mostRecentYearBP" : null,
      "earliestYearCE" : null,
      "mostRecentYearCE" : null,
      "coreLengthMeters" : null,
      "dataTableNotes" : "Benthic foraminifer d18O measurements used for the definition of the 5e plateau. Planktonic foraminifer d18O measurements and summer SST used for reconstruction of salinities for the last interglacial. Because the age scale of isotopic substage 5e is difficult to build and subjective choices must be made, we decided to put all the cores on the same depth (the depth of core JPC8) and then to constrain  the age scale following the age scale of Adkins et al (1997).",
      "species" : [ ],
      "dataFile" : [ {
        "fileUrl" : "https://www1.ncdc.noaa.gov/pub/data/paleo/contributions_by_author/cortijo1999",
        "urlDescription" : "Original Data and Full Metadata",
        "linkText" : "cortijo1999",
        "variables" : [ ],
        "NOAAKeywords" : [ "earth science>paleoclimate>paleocean>reconstruction", "earth science>paleoclimate>paleocean>other", "earth science>paleoclimate>paleocean>oxygen isotopes" ]
      }, {
        "fileUrl" : "https://www1.ncdc.noaa.gov/pub/data/paleo/paleocean/sediment_files/complete/jpc37-c-tab.txt",
        "urlDescription" : "Alternate Format Data",
        "linkText" : "jpc37-c-tab.txt",
        "variables" : [ {
          "cvDataType" : "CLIMATE RECONSTRUCTIONS|PALEOCEANOGRAPHY",
          "cvWhat" : "earth system variable>temperature variable>temperature>sea water temperature>sea surface temperature",
          "cvMaterial" : "reconstruction material>biological assemblage>foraminifer assemblage",
          "cvError" : null,
          "cvUnit" : "degree Celsius",
          "cvSeasonality" : "1-month period>Aug",
          "cvDetail" : null,
          "cvMethod" : "modern analogue technique",
          "cvAdditionalInfo" : null,
          "cvFormat" : "Numeric",
          "cvShortName" : null
        }, {
          "cvDataType" : "CLIMATE RECONSTRUCTIONS|PALEOCEANOGRAPHY",
          "cvWhat" : "chemical composition>isotope>isotope ratio>delta 18O",
          "cvMaterial" : "hydrologic material>sea water|reconstruction material>biological assemblage>foraminifer assemblage|reconstruction material>isotope ratio>delta 18O",
          "cvError" : null,
          "cvUnit" : "per mil PDB",
          "cvSeasonality" : null,
          "cvDetail" : null,
          "cvMethod" : null,
          "cvAdditionalInfo" : null,
          "cvFormat" : "Numeric",
          "cvShortName" : null
        }, {
          "cvDataType" : "CLIMATE RECONSTRUCTIONS|PALEOCEANOGRAPHY",
          "cvWhat" : "chemical composition>solution property>salinity",
          "cvMaterial" : "hydrologic material>sea water>sea surface|reconstruction material>biological assemblage>foraminifer assemblage|reconstruction material>isotope ratio>delta 18O",
          "cvError" : null,
          "cvUnit" : "practical salinity unit",
          "cvSeasonality" : null,
          "cvDetail" : null,
          "cvMethod" : null,
          "cvAdditionalInfo" : "using global average d18Osw/salinity relationship",
          "cvFormat" : "Numeric",
          "cvShortName" : null
        }, {
          "cvDataType" : "PALEOCEANOGRAPHY",
          "cvWhat" : "depth variable>depth",
          "cvMaterial" : null,
          "cvError" : null,
          "cvUnit" : "centimeter",
          "cvSeasonality" : null,
          "cvDetail" : null,
          "cvMethod" : null,
          "cvAdditionalInfo" : null,
          "cvFormat" : "Numeric",
          "cvShortName" : null
        }, {
          "cvDataType" : "PALEOCEANOGRAPHY",
          "cvWhat" : "chemical composition>isotope>isotope ratio>delta 18O",
          "cvMaterial" : "biological material>organism>foraminifer>planktic foraminifer>Globigerinoides sp.>Globigerinoides ruber",
          "cvError" : null,
          "cvUnit" : "per mil PDB",
          "cvSeasonality" : null,
          "cvDetail" : null,
          "cvMethod" : null,
          "cvAdditionalInfo" : null,
          "cvFormat" : "Numeric",
          "cvShortName" : null
        }, {
          "cvDataType" : "PALEOCEANOGRAPHY",
          "cvWhat" : "depth variable>depth",
          "cvMaterial" : null,
          "cvError" : null,
          "cvUnit" : "centimeter",
          "cvSeasonality" : null,
          "cvDetail" : null,
          "cvMethod" : null,
          "cvAdditionalInfo" : "Depth correlated to JPC9",
          "cvFormat" : "Numeric",
          "cvShortName" : null
        }, {
          "cvDataType" : "PALEOCEANOGRAPHY",
          "cvWhat" : "chemical composition>isotope>isotope ratio>delta 18O",
          "cvMaterial" : "biological material>organism>foraminifer>benthic foraminifer",
          "cvError" : null,
          "cvUnit" : "per mil PDB",
          "cvSeasonality" : null,
          "cvDetail" : null,
          "cvMethod" : null,
          "cvAdditionalInfo" : null,
          "cvFormat" : "Numeric",
          "cvShortName" : null
        } ],
        "NOAAKeywords" : [ "earth science>paleoclimate>paleocean>reconstruction", "earth science>paleoclimate>paleocean>other", "earth science>paleoclimate>paleocean>oxygen isotopes" ]
      } ]
    } ]
  }, {
    "NOAASiteId" : "19193",
    "siteName" : "CH69-K9",
    "mappable" : "Y",
    "locationName" : "Ocean>Atlantic Ocean>North Atlantic Ocean",
    "geo" : {
      "geoType" : "Feature",
      "geometry" : {
        "type" : "POINT",
        "coordinates" : [ "41.7567", "-47.35" ]
      },
      "properties" : {
        "southernmostLatitude" : "41.7567",
        "northernmostLatitude" : "41.7567",
        "westernmostLongitude" : "-47.35",
        "easternmostLongitude" : "-47.35",
        "minElevationMeters" : "-4100",
        "maxElevationMeters" : "-4100"
      }
    },
    "paleoData" : [ {
      "dataTableName" : "CH69-K9",
      "NOAADataTableId" : "4227",
      "earliestYear" : null,
      "mostRecentYear" : null,
      "timeUnit" : null,
      "earliestYearBP" : null,
      "mostRecentYearBP" : null,
      "earliestYearCE" : null,
      "mostRecentYearCE" : null,
      "coreLengthMeters" : null,
      "dataTableNotes" : "Benthic foraminifer d18O measurements used for the definition of the 5e plateau. Planktonic foraminifer d18O measurements and summer SST used for reconstruction of salinities for the last interglacial. Because the age scale of isotopic substage 5e is difficult to build and subjective choices must be made, we decided to put all the cores on the same depth (the depth of core JPC8) and then to constrain  the age scale following the age scale of Adkins et al (1997).",
      "species" : [ ],
      "dataFile" : [ {
        "fileUrl" : "https://www1.ncdc.noaa.gov/pub/data/paleo/contributions_by_author/cortijo1999",
        "urlDescription" : "Original Data and Full Metadata",
        "linkText" : "cortijo1999",
        "variables" : [ ],
        "NOAAKeywords" : [ "earth science>paleoclimate>paleocean>other", "earth science>paleoclimate>paleocean>oxygen isotopes", "earth science>paleoclimate>paleocean>reconstruction" ]
      }, {
        "fileUrl" : "https://www1.ncdc.noaa.gov/pub/data/paleo/paleocean/sediment_files/complete/ch69-k9-tab.txt",
        "urlDescription" : "Alternate Format Data",
        "linkText" : "ch69-k9-tab.txt",
        "variables" : [ {
          "cvDataType" : "CLIMATE RECONSTRUCTIONS|PALEOCEANOGRAPHY",
          "cvWhat" : "earth system variable>temperature variable>temperature>sea water temperature>sea surface temperature",
          "cvMaterial" : "reconstruction material>biological assemblage>foraminifer assemblage",
          "cvError" : null,
          "cvUnit" : "degree Celsius",
          "cvSeasonality" : "1-month period>Aug",
          "cvDetail" : null,
          "cvMethod" : "modern analogue technique",
          "cvAdditionalInfo" : null,
          "cvFormat" : "Numeric",
          "cvShortName" : null
        }, {
          "cvDataType" : "CLIMATE RECONSTRUCTIONS|PALEOCEANOGRAPHY",
          "cvWhat" : "chemical composition>isotope>isotope ratio>delta 18O",
          "cvMaterial" : "hydrologic material>sea water|reconstruction material>biological assemblage>foraminifer assemblage|reconstruction material>isotope ratio>delta 18O",
          "cvError" : null,
          "cvUnit" : "per mil PDB",
          "cvSeasonality" : null,
          "cvDetail" : null,
          "cvMethod" : null,
          "cvAdditionalInfo" : null,
          "cvFormat" : "Numeric",
          "cvShortName" : null
        }, {
          "cvDataType" : "CLIMATE RECONSTRUCTIONS|PALEOCEANOGRAPHY",
          "cvWhat" : "chemical composition>solution property>salinity",
          "cvMaterial" : "hydrologic material>sea water>sea surface|reconstruction material>biological assemblage>foraminifer assemblage|reconstruction material>isotope ratio>delta 18O",
          "cvError" : null,
          "cvUnit" : "practical salinity unit",
          "cvSeasonality" : null,
          "cvDetail" : null,
          "cvMethod" : null,
          "cvAdditionalInfo" : "using global average d18Osw/salinity relationship",
          "cvFormat" : "Numeric",
          "cvShortName" : null
        }, {
          "cvDataType" : "PALEOCEANOGRAPHY",
          "cvWhat" : "depth variable>depth",
          "cvMaterial" : null,
          "cvError" : null,
          "cvUnit" : "centimeter",
          "cvSeasonality" : null,
          "cvDetail" : null,
          "cvMethod" : null,
          "cvAdditionalInfo" : null,
          "cvFormat" : "Numeric",
          "cvShortName" : null
        }, {
          "cvDataType" : "PALEOCEANOGRAPHY",
          "cvWhat" : "chemical composition>isotope>isotope ratio>delta 18O",
          "cvMaterial" : "biological material>organism>foraminifer>benthic foraminifer",
          "cvError" : null,
          "cvUnit" : "per mil PDB",
          "cvSeasonality" : null,
          "cvDetail" : null,
          "cvMethod" : null,
          "cvAdditionalInfo" : null,
          "cvFormat" : "Numeric",
          "cvShortName" : null
        }, {
          "cvDataType" : "PALEOCEANOGRAPHY",
          "cvWhat" : "depth variable>depth",
          "cvMaterial" : null,
          "cvError" : null,
          "cvUnit" : "centimeter",
          "cvSeasonality" : null,
          "cvDetail" : null,
          "cvMethod" : null,
          "cvAdditionalInfo" : "Depth correlated to JPC8",
          "cvFormat" : "Numeric",
          "cvShortName" : null
        }, {
          "cvDataType" : "PALEOCEANOGRAPHY",
          "cvWhat" : "chemical composition>isotope>isotope ratio>delta 18O",
          "cvMaterial" : "biological material>organism>foraminifer>planktic foraminifer>Globigerina sp.>Globigerina bulloides",
          "cvError" : null,
          "cvUnit" : "per mil PDB",
          "cvSeasonality" : null,
          "cvDetail" : null,
          "cvMethod" : null,
          "cvAdditionalInfo" : null,
          "cvFormat" : "Numeric",
          "cvShortName" : null
        } ],
        "NOAAKeywords" : [ "earth science>paleoclimate>paleocean>reconstruction", "earth science>paleoclimate>paleocean>oxygen isotopes", "earth science>paleoclimate>paleocean>other" ]
      } ]
    } ]
  }, {
    "NOAASiteId" : "19194",
    "siteName" : "MD95-2036",
    "mappable" : "Y",
    "locationName" : "Ocean>Atlantic Ocean>North Atlantic Ocean",
    "geo" : {
      "geoType" : "Feature",
      "geometry" : {
        "type" : "POINT",
        "coordinates" : [ "33.68", "-57.63" ]
      },
      "properties" : {
        "southernmostLatitude" : "33.68",
        "northernmostLatitude" : "33.68",
        "westernmostLongitude" : "-57.63",
        "easternmostLongitude" : "-57.63",
        "minElevationMeters" : "-4583",
        "maxElevationMeters" : "-4583"
      }
    },
    "paleoData" : [ {
      "dataTableName" : "M952036C",
      "NOAADataTableId" : "4230",
      "earliestYear" : null,
      "mostRecentYear" : null,
      "timeUnit" : null,
      "earliestYearBP" : null,
      "mostRecentYearBP" : null,
      "earliestYearCE" : null,
      "mostRecentYearCE" : null,
      "coreLengthMeters" : null,
      "dataTableNotes" : "Benthic foraminifer d18O measurements used for the definition of the 5e plateau. Planktonic foraminifer d18O measurements and summer SST used for reconstruction of salinities for the last interglacial. Because the age scale of isotopic substage 5e is difficult to build and subjective choices must be made, we decided to put all the cores on the same depth (the depth of core JPC8) and then to constrain  the age scale following the age scale of Adkins et al (1997).",
      "species" : [ ],
      "dataFile" : [ {
        "fileUrl" : "https://www1.ncdc.noaa.gov/pub/data/paleo/contributions_by_author/cortijo1999",
        "urlDescription" : "Original Data and Full Metadata",
        "linkText" : "cortijo1999",
        "variables" : [ ],
        "NOAAKeywords" : [ "earth science>paleoclimate>paleocean>oxygen isotopes", "earth science>paleoclimate>paleocean>reconstruction", "earth science>paleoclimate>paleocean>other" ]
      }, {
        "fileUrl" : "https://www1.ncdc.noaa.gov/pub/data/paleo/paleocean/sediment_files/complete/m952036c-tab.txt",
        "urlDescription" : "Alternate Format Data",
        "linkText" : "m952036c-tab.txt",
        "variables" : [ {
          "cvDataType" : "CLIMATE RECONSTRUCTIONS|PALEOCEANOGRAPHY",
          "cvWhat" : "earth system variable>temperature variable>temperature>sea water temperature>sea surface temperature",
          "cvMaterial" : "reconstruction material>biological assemblage>foraminifer assemblage",
          "cvError" : null,
          "cvUnit" : "degree Celsius",
          "cvSeasonality" : "1-month period>Aug",
          "cvDetail" : null,
          "cvMethod" : "modern analogue technique",
          "cvAdditionalInfo" : null,
          "cvFormat" : "Numeric",
          "cvShortName" : null
        }, {
          "cvDataType" : "CLIMATE RECONSTRUCTIONS|PALEOCEANOGRAPHY",
          "cvWhat" : "chemical composition>isotope>isotope ratio>delta 18O",
          "cvMaterial" : "hydrologic material>sea water|reconstruction material>biological assemblage>foraminifer assemblage|reconstruction material>isotope ratio>delta 18O",
          "cvError" : null,
          "cvUnit" : "per mil PDB",
          "cvSeasonality" : null,
          "cvDetail" : null,
          "cvMethod" : null,
          "cvAdditionalInfo" : null,
          "cvFormat" : "Numeric",
          "cvShortName" : null
        }, {
          "cvDataType" : "CLIMATE RECONSTRUCTIONS|PALEOCEANOGRAPHY",
          "cvWhat" : "chemical composition>solution property>salinity",
          "cvMaterial" : "hydrologic material>sea water>sea surface|reconstruction material>biological assemblage>foraminifer assemblage|reconstruction material>isotope ratio>delta 18O",
          "cvError" : null,
          "cvUnit" : "practical salinity unit",
          "cvSeasonality" : null,
          "cvDetail" : null,
          "cvMethod" : null,
          "cvAdditionalInfo" : "using global average d18Osw/salinity relationship",
          "cvFormat" : "Numeric",
          "cvShortName" : null
        }, {
          "cvDataType" : "PALEOCEANOGRAPHY",
          "cvWhat" : "chemical composition>isotope>isotope ratio>delta 18O",
          "cvMaterial" : "biological material>organism>foraminifer>planktic foraminifer>Globigerinoides sp.>Globigerinoides ruber",
          "cvError" : null,
          "cvUnit" : "per mil PDB",
          "cvSeasonality" : null,
          "cvDetail" : null,
          "cvMethod" : null,
          "cvAdditionalInfo" : null,
          "cvFormat" : "Numeric",
          "cvShortName" : null
        }, {
          "cvDataType" : "PALEOCEANOGRAPHY",
          "cvWhat" : "depth variable>depth",
          "cvMaterial" : null,
          "cvError" : null,
          "cvUnit" : "centimeter",
          "cvSeasonality" : null,
          "cvDetail" : null,
          "cvMethod" : null,
          "cvAdditionalInfo" : null,
          "cvFormat" : "Numeric",
          "cvShortName" : null
        }, {
          "cvDataType" : "PALEOCEANOGRAPHY",
          "cvWhat" : "depth variable>depth",
          "cvMaterial" : null,
          "cvError" : null,
          "cvUnit" : "centimeter",
          "cvSeasonality" : null,
          "cvDetail" : null,
          "cvMethod" : null,
          "cvAdditionalInfo" : "Depth correlated to JPC10",
          "cvFormat" : "Numeric",
          "cvShortName" : null
        }, {
          "cvDataType" : "PALEOCEANOGRAPHY",
          "cvWhat" : "chemical composition>isotope>isotope ratio>delta 18O",
          "cvMaterial" : "biological material>organism>foraminifer>benthic foraminifer",
          "cvError" : null,
          "cvUnit" : "per mil PDB",
          "cvSeasonality" : null,
          "cvDetail" : null,
          "cvMethod" : null,
          "cvAdditionalInfo" : null,
          "cvFormat" : "Numeric",
          "cvShortName" : null
        } ],
        "NOAAKeywords" : [ "earth science>paleoclimate>paleocean>reconstruction", "earth science>paleoclimate>paleocean>oxygen isotopes", "earth science>paleoclimate>paleocean>other" ]
      } ]
    } ]
  }, {
    "NOAASiteId" : "19195",
    "siteName" : "NA87-25",
    "mappable" : "Y",
    "locationName" : "Ocean>Atlantic Ocean>North Atlantic Ocean",
    "geo" : {
      "geoType" : "Feature",
      "geometry" : {
        "type" : "POINT",
        "coordinates" : [ "55.18", "-14.73" ]
      },
      "properties" : {
        "southernmostLatitude" : "55.18",
        "northernmostLatitude" : "55.18",
        "westernmostLongitude" : "-14.73",
        "easternmostLongitude" : "-14.73",
        "minElevationMeters" : "-2320",
        "maxElevationMeters" : "-2320"
      }
    },
    "paleoData" : [ {
      "dataTableName" : "NA87-25",
      "NOAADataTableId" : "4231",
      "earliestYear" : null,
      "mostRecentYear" : null,
      "timeUnit" : null,
      "earliestYearBP" : null,
      "mostRecentYearBP" : null,
      "earliestYearCE" : null,
      "mostRecentYearCE" : null,
      "coreLengthMeters" : null,
      "dataTableNotes" : "Benthic foraminifer d18O measurements used for the definition of the 5e plateau. Planktonic foraminifer d18O measurements and summer SST used for reconstruction of salinities for the last interglacial. Because the age scale of isotopic substage 5e is difficult to build and subjective choices must be made, we decided to put all the cores on the same depth (the depth of core JPC8) and then to constrain  the age scale following the age scale of Adkins et al (1997).",
      "species" : [ ],
      "dataFile" : [ {
        "fileUrl" : "https://www1.ncdc.noaa.gov/pub/data/paleo/contributions_by_author/cortijo1999",
        "urlDescription" : "Original Data and Full Metadata",
        "linkText" : "cortijo1999",
        "variables" : [ ],
        "NOAAKeywords" : [ "earth science>paleoclimate>paleocean>oxygen isotopes", "earth science>paleoclimate>paleocean>other", "earth science>paleoclimate>paleocean>reconstruction" ]
      }, {
        "fileUrl" : "https://www1.ncdc.noaa.gov/pub/data/paleo/paleocean/sediment_files/complete/na87-25-tab.txt",
        "urlDescription" : "Alternate Format Data",
        "linkText" : "na87-25-tab.txt",
        "variables" : [ {
          "cvDataType" : "CLIMATE RECONSTRUCTIONS|PALEOCEANOGRAPHY",
          "cvWhat" : "earth system variable>temperature variable>temperature>sea water temperature>sea surface temperature",
          "cvMaterial" : "reconstruction material>biological assemblage>foraminifer assemblage",
          "cvError" : null,
          "cvUnit" : "degree Celsius",
          "cvSeasonality" : "1-month period>Aug",
          "cvDetail" : null,
          "cvMethod" : "modern analogue technique",
          "cvAdditionalInfo" : null,
          "cvFormat" : "Numeric",
          "cvShortName" : null
        }, {
          "cvDataType" : "CLIMATE RECONSTRUCTIONS|PALEOCEANOGRAPHY",
          "cvWhat" : "chemical composition>isotope>isotope ratio>delta 18O",
          "cvMaterial" : "hydrologic material>sea water|reconstruction material>biological assemblage>foraminifer assemblage|reconstruction material>isotope ratio>delta 18O",
          "cvError" : null,
          "cvUnit" : "per mil PDB",
          "cvSeasonality" : null,
          "cvDetail" : null,
          "cvMethod" : null,
          "cvAdditionalInfo" : null,
          "cvFormat" : "Numeric",
          "cvShortName" : null
        }, {
          "cvDataType" : "CLIMATE RECONSTRUCTIONS|PALEOCEANOGRAPHY",
          "cvWhat" : "chemical composition>solution property>salinity",
          "cvMaterial" : "hydrologic material>sea water>sea surface|reconstruction material>biological assemblage>foraminifer assemblage|reconstruction material>isotope ratio>delta 18O",
          "cvError" : null,
          "cvUnit" : "practical salinity unit",
          "cvSeasonality" : null,
          "cvDetail" : null,
          "cvMethod" : null,
          "cvAdditionalInfo" : "using global average d18Osw/salinity relationship",
          "cvFormat" : "Numeric",
          "cvShortName" : null
        }, {
          "cvDataType" : "PALEOCEANOGRAPHY",
          "cvWhat" : "depth variable>depth",
          "cvMaterial" : null,
          "cvError" : null,
          "cvUnit" : "centimeter",
          "cvSeasonality" : null,
          "cvDetail" : null,
          "cvMethod" : null,
          "cvAdditionalInfo" : null,
          "cvFormat" : "Numeric",
          "cvShortName" : null
        }, {
          "cvDataType" : "PALEOCEANOGRAPHY",
          "cvWhat" : "chemical composition>isotope>isotope ratio>delta 18O",
          "cvMaterial" : "biological material>organism>foraminifer>benthic foraminifer",
          "cvError" : null,
          "cvUnit" : "per mil PDB",
          "cvSeasonality" : null,
          "cvDetail" : null,
          "cvMethod" : null,
          "cvAdditionalInfo" : null,
          "cvFormat" : "Numeric",
          "cvShortName" : null
        }, {
          "cvDataType" : "PALEOCEANOGRAPHY",
          "cvWhat" : "chemical composition>isotope>isotope ratio>delta 18O",
          "cvMaterial" : "biological material>organism>foraminifer>planktic foraminifer>Globigerina sp.>Globigerina bulloides",
          "cvError" : null,
          "cvUnit" : "per mil PDB",
          "cvSeasonality" : null,
          "cvDetail" : null,
          "cvMethod" : null,
          "cvAdditionalInfo" : null,
          "cvFormat" : "Numeric",
          "cvShortName" : null
        }, {
          "cvDataType" : "PALEOCEANOGRAPHY",
          "cvWhat" : "depth variable>depth",
          "cvMaterial" : null,
          "cvError" : null,
          "cvUnit" : "centimeter",
          "cvSeasonality" : null,
          "cvDetail" : null,
          "cvMethod" : null,
          "cvAdditionalInfo" : "Depth correlated to JPC11",
          "cvFormat" : "Numeric",
          "cvShortName" : null
        } ],
        "NOAAKeywords" : [ "earth science>paleoclimate>paleocean>other", "earth science>paleoclimate>paleocean>reconstruction", "earth science>paleoclimate>paleocean>oxygen isotopes" ]
      } ]
    } ]
  }, {
    "NOAASiteId" : "19196",
    "siteName" : "SU90-03",
    "mappable" : "Y",
    "locationName" : "Ocean>Atlantic Ocean>North Atlantic Ocean",
    "geo" : {
      "geoType" : "Feature",
      "geometry" : {
        "type" : "POINT",
        "coordinates" : [ "40.5", "-32.05" ]
      },
      "properties" : {
        "southernmostLatitude" : "40.5",
        "northernmostLatitude" : "40.5",
        "westernmostLongitude" : "-32.05",
        "easternmostLongitude" : "-32.05",
        "minElevationMeters" : "-2475",
        "maxElevationMeters" : "-2475"
      }
    },
    "paleoData" : [ {
      "dataTableName" : "SU90-03",
      "NOAADataTableId" : "4233",
      "earliestYear" : null,
      "mostRecentYear" : null,
      "timeUnit" : null,
      "earliestYearBP" : null,
      "mostRecentYearBP" : null,
      "earliestYearCE" : null,
      "mostRecentYearCE" : null,
      "coreLengthMeters" : null,
      "dataTableNotes" : "Benthic foraminifer d18O measurements used for the definition of the 5e plateau. Planktonic foraminifer d18O measurements and summer SST used for reconstruction of salinities for the last interglacial. Because the age scale of isotopic substage 5e is difficult to build and subjective choices must be made, we decided to put all the cores on the same depth (the depth of core JPC8) and then to constrain  the age scale following the age scale of Adkins et al (1997).",
      "species" : [ ],
      "dataFile" : [ {
        "fileUrl" : "https://www1.ncdc.noaa.gov/pub/data/paleo/contributions_by_author/cortijo1999",
        "urlDescription" : "Original Data and Full Metadata",
        "linkText" : "cortijo1999",
        "variables" : [ ],
        "NOAAKeywords" : [ "earth science>paleoclimate>paleocean>other", "earth science>paleoclimate>paleocean>reconstruction", "earth science>paleoclimate>paleocean>oxygen isotopes" ]
      }, {
        "fileUrl" : "https://www1.ncdc.noaa.gov/pub/data/paleo/paleocean/sediment_files/complete/su90-03-tab.txt",
        "urlDescription" : "Alternate Format Data",
        "linkText" : "su90-03-tab.txt",
        "variables" : [ {
          "cvDataType" : "CLIMATE RECONSTRUCTIONS|PALEOCEANOGRAPHY",
          "cvWhat" : "chemical composition>isotope>isotope ratio>delta 18O",
          "cvMaterial" : "hydrologic material>sea water|reconstruction material>biological assemblage>foraminifer assemblage|reconstruction material>isotope ratio>delta 18O",
          "cvError" : null,
          "cvUnit" : "per mil PDB",
          "cvSeasonality" : null,
          "cvDetail" : null,
          "cvMethod" : null,
          "cvAdditionalInfo" : null,
          "cvFormat" : "Numeric",
          "cvShortName" : null
        }, {
          "cvDataType" : "CLIMATE RECONSTRUCTIONS|PALEOCEANOGRAPHY",
          "cvWhat" : "chemical composition>solution property>salinity",
          "cvMaterial" : "hydrologic material>sea water>sea surface|reconstruction material>biological assemblage>foraminifer assemblage|reconstruction material>isotope ratio>delta 18O",
          "cvError" : null,
          "cvUnit" : "practical salinity unit",
          "cvSeasonality" : null,
          "cvDetail" : null,
          "cvMethod" : null,
          "cvAdditionalInfo" : "using global average d18Osw/salinity relationship",
          "cvFormat" : "Numeric",
          "cvShortName" : null
        }, {
          "cvDataType" : "CLIMATE RECONSTRUCTIONS|PALEOCEANOGRAPHY",
          "cvWhat" : "earth system variable>temperature variable>temperature>sea water temperature>sea surface temperature",
          "cvMaterial" : "reconstruction material>biological assemblage>foraminifer assemblage",
          "cvError" : null,
          "cvUnit" : "degree Celsius",
          "cvSeasonality" : "1-month period>Aug",
          "cvDetail" : null,
          "cvMethod" : "modern analogue technique",
          "cvAdditionalInfo" : null,
          "cvFormat" : "Numeric",
          "cvShortName" : null
        }, {
          "cvDataType" : "PALEOCEANOGRAPHY",
          "cvWhat" : "depth variable>depth",
          "cvMaterial" : null,
          "cvError" : null,
          "cvUnit" : "centimeter",
          "cvSeasonality" : null,
          "cvDetail" : null,
          "cvMethod" : null,
          "cvAdditionalInfo" : null,
          "cvFormat" : "Numeric",
          "cvShortName" : null
        }, {
          "cvDataType" : "PALEOCEANOGRAPHY",
          "cvWhat" : "chemical composition>isotope>isotope ratio>delta 18O",
          "cvMaterial" : "biological material>organism>foraminifer>planktic foraminifer>Globigerina sp.>Globigerina bulloides",
          "cvError" : null,
          "cvUnit" : "per mil PDB",
          "cvSeasonality" : null,
          "cvDetail" : null,
          "cvMethod" : null,
          "cvAdditionalInfo" : null,
          "cvFormat" : "Numeric",
          "cvShortName" : null
        }, {
          "cvDataType" : "PALEOCEANOGRAPHY",
          "cvWhat" : "depth variable>depth",
          "cvMaterial" : null,
          "cvError" : null,
          "cvUnit" : "centimeter",
          "cvSeasonality" : null,
          "cvDetail" : null,
          "cvMethod" : null,
          "cvAdditionalInfo" : "Depth correlated to JPC13",
          "cvFormat" : "Numeric",
          "cvShortName" : null
        }, {
          "cvDataType" : "PALEOCEANOGRAPHY",
          "cvWhat" : "chemical composition>isotope>isotope ratio>delta 18O",
          "cvMaterial" : "biological material>organism>foraminifer>benthic foraminifer>calcareous benthic foraminifer>Cibicidoides sp.>Cibicidoides wuellerstorfi",
          "cvError" : null,
          "cvUnit" : "per mil PDB",
          "cvSeasonality" : null,
          "cvDetail" : null,
          "cvMethod" : null,
          "cvAdditionalInfo" : null,
          "cvFormat" : "Numeric",
          "cvShortName" : null
        } ],
        "NOAAKeywords" : [ "earth science>paleoclimate>paleocean>reconstruction", "earth science>paleoclimate>paleocean>other", "earth science>paleoclimate>paleocean>oxygen isotopes" ]
      } ]
    } ]
  } ]
}