{
  "xmlId" : "10418",
  "NOAAStudyId" : "12356",
  "studyName" : "Bermuda Rise Holocene Cd/Ca and Stable Isotope Data",
  "doi" : null,
  "dataPublisher" : "NOAA",
  "contactInfo" : {
    "type" : "CONTACT INFORMATION",
    "shortName" : "DOC/NOAA/NESDIS/NCEI",
    "longName" : "National Centers for Environmental Information, NESDIS, NOAA, U.S. Department of Commerce ",
    "address" : "325 Broadway, E/NE31",
    "city" : "Boulder",
    "state" : "CO",
    "postalCode" : "80305-3328",
    "country" : "USA",
    "dataCenterUrl" : "https://www.ncdc.noaa.gov/data-access/paleoclimatology-data",
    "email" : "paleo@noaa.gov",
    "phone" : "303-497-6280",
    "fax" : "303-497-6513",
    "constraints" : "Please cite original publication, online resource, dataset and publication DOIs (where available), and date accessed when using downloaded data. If there is no publication information, please cite investigator, title, online resource, and date accessed. The appearance of external links associated with a dataset does not constitute endorsement by the Department of Commerce/National Oceanic and Atmospheric Administration of external Web sites or the information, products or services contained therein. For other than authorized activities, the Department of Commerce/NOAA does not exercise any editorial control over the information you may find at these locations. These links are provided consistent with the stated purpose of this Department of Commerce/NOAA Web site."
  },
  "dataType" : "PALEOCEANOGRAPHY",
  "investigators" : "Keigwin, L.D.; Boyle, E.A.",
  "version" : "1.0",
  "funding" : [ {
    "fundingAgency" : "US National Science Foundation",
    "fundingGrant" : "OCE-9709686, 9402198"
  } ],
  "studyNotes" : "Foraminiferal Cd/Ca and stable isotope data from Bermuda Rise sediment \ncores, used to reconstruct Holocene changes in thermohaline circulation. \n\nCd/Ca and stable isotopes measured on Nutallides umbonifera and Cibicidoides \nspp., primarily C. wuellerstorfi, and Uvigerina. \n\n",
  "onlineResourceLink" : "https://www.ncdc.noaa.gov/paleo/study/12356",
  "difMetadataLink" : "http://www1.ncdc.noaa.gov/pub/data/metadata/published/paleo/dif/xml/noaa-ocean-12356.xml",
  "originalSource" : null,
  "dataTypeInformation" : "https://www.ncdc.noaa.gov/data-access/paleoclimatology-data/datasets/paleoceanography",
  "studyCode" : null,
  "scienceKeywords" : [ "Meridional Overturning Circulation (MOC)" ],
  "reconstruction" : "N",
  "contributionDate" : "2011-12-21",
  "entryId" : "noaa-ocean-12356",
  "earliestYearBP" : 12368,
  "mostRecentYearBP" : 780,
  "earliestYearCE" : -10418,
  "mostRecentYearCE" : 1170,
  "publication" : [ {
    "author" : null,
    "pubYear" : 2000,
    "title" : "Detecting Holocene Changes in Thermohaline Circulation",
    "journal" : "Proceedings of the National Academy of Sciences",
    "volume" : null,
    "edition" : null,
    "issue" : null,
    "pages" : null,
    "reportNumber" : null,
    "citation" : "Keigwin, L.D. and E.A. Boyle. 2000. \r\nDetecting Holocene Changes in Thermohaline Circulation. \r\nProceedings of the National Academy of Sciences \r\nof the United States of America, Vol. 97, No. 4, \r\npp. 1343-1346, Feb. 15, 2000. \r\nhttp://www.jstor.org/stable/121472",
    "type" : "publication",
    "identifier" : null,
    "abstract" : "Throughout the last glacial cycle, reorganizations of deep ocean \r\nwater masses were coincident with rapid millennial-scale changes \r\nin climate. Climate changes have been less severe during the present \r\ninterglacial, but evidence for concurrent deep ocean circulation \r\nchange is ambiguous. ",
    "pubRank" : "1"
  } ],
  "site" : [ {
    "NOAASiteId" : "52562",
    "siteName" : "KNR31-GPC5",
    "mappable" : "Y",
    "locationName" : "Ocean>Atlantic Ocean>North Atlantic Ocean>Bermuda",
    "geo" : {
      "geoType" : "Feature",
      "geometry" : {
        "type" : "POINT",
        "coordinates" : [ "33.6867", "-57.615" ]
      },
      "properties" : {
        "southernmostLatitude" : "33.6867",
        "northernmostLatitude" : "33.6867",
        "westernmostLongitude" : "-57.615",
        "easternmostLongitude" : "-57.615",
        "minElevationMeters" : "-4583",
        "maxElevationMeters" : "-4583"
      }
    },
    "paleoData" : [ {
      "dataTableName" : "GPC52000",
      "NOAADataTableId" : "20718",
      "earliestYear" : 12368,
      "mostRecentYear" : 780,
      "timeUnit" : "cal yr BP",
      "earliestYearBP" : 12368,
      "mostRecentYearBP" : 780,
      "earliestYearCE" : -10418,
      "mostRecentYearCE" : 1170,
      "coreLengthMeters" : null,
      "dataTableNotes" : null,
      "species" : [ ],
      "dataFile" : [ {
        "fileUrl" : "https://www1.ncdc.noaa.gov/pub/data/paleo/contributions_by_author/keigwin2000/keigwin2000.txt",
        "urlDescription" : "Original Data and Full Metadata",
        "linkText" : "keigwin2000.txt",
        "variables" : [ {
          "cvDataType" : "PALEOCEANOGRAPHY",
          "cvWhat" : "depth variable>depth",
          "cvMaterial" : null,
          "cvError" : null,
          "cvUnit" : "centimeter",
          "cvSeasonality" : null,
          "cvDetail" : null,
          "cvMethod" : null,
          "cvAdditionalInfo" : null,
          "cvFormat" : "Numeric",
          "cvShortName" : null
        }, {
          "cvDataType" : "PALEOCEANOGRAPHY",
          "cvWhat" : "age variable>age",
          "cvMaterial" : null,
          "cvError" : null,
          "cvUnit" : "calendar kiloyear before present",
          "cvSeasonality" : null,
          "cvDetail" : null,
          "cvMethod" : null,
          "cvAdditionalInfo" : null,
          "cvFormat" : "Numeric",
          "cvShortName" : null
        }, {
          "cvDataType" : "PALEOCEANOGRAPHY",
          "cvWhat" : "chemical composition>element or compound ratio>cadmium/calcium",
          "cvMaterial" : "biological material>organism>foraminifer>benthic foraminifer>calcareous benthic foraminifer>Cibicidoides sp.",
          "cvError" : null,
          "cvUnit" : "dimensionless",
          "cvSeasonality" : null,
          "cvDetail" : "averaged",
          "cvMethod" : null,
          "cvAdditionalInfo" : null,
          "cvFormat" : "Numeric",
          "cvShortName" : null
        }, {
          "cvDataType" : "PALEOCEANOGRAPHY",
          "cvWhat" : "chemical composition>element or compound ratio>cadmium/calcium",
          "cvMaterial" : "biological material>organism>foraminifer>benthic foraminifer>calcareous benthic foraminifer>Nuttallides sp.>Nuttallides umbonifera",
          "cvError" : null,
          "cvUnit" : "dimensionless",
          "cvSeasonality" : null,
          "cvDetail" : "averaged",
          "cvMethod" : null,
          "cvAdditionalInfo" : null,
          "cvFormat" : "Numeric",
          "cvShortName" : null
        }, {
          "cvDataType" : "PALEOCEANOGRAPHY",
          "cvWhat" : "chemical composition>element or compound ratio>cadmium/calcium",
          "cvMaterial" : "biological material>organism>foraminifer>benthic foraminifer>calcareous benthic foraminifer>Cibicidoides sp.>Cibicidoides wuellerstorfi",
          "cvError" : null,
          "cvUnit" : "dimensionless",
          "cvSeasonality" : null,
          "cvDetail" : "averaged",
          "cvMethod" : null,
          "cvAdditionalInfo" : null,
          "cvFormat" : "Numeric",
          "cvShortName" : null
        }, {
          "cvDataType" : "PALEOCEANOGRAPHY",
          "cvWhat" : "chemical composition>isotope>isotope ratio>delta 18O",
          "cvMaterial" : "biological material>organism>foraminifer>benthic foraminifer>calcareous benthic foraminifer>Nuttallides sp.>Nuttallides umbonifera",
          "cvError" : null,
          "cvUnit" : "per mil PDB",
          "cvSeasonality" : null,
          "cvDetail" : "averaged",
          "cvMethod" : null,
          "cvAdditionalInfo" : null,
          "cvFormat" : "Numeric",
          "cvShortName" : null
        }, {
          "cvDataType" : "PALEOCEANOGRAPHY",
          "cvWhat" : "chemical composition>isotope>isotope ratio>delta 13C",
          "cvMaterial" : "biological material>organism>foraminifer>benthic foraminifer>calcareous benthic foraminifer>Nuttallides sp.>Nuttallides umbonifera",
          "cvError" : null,
          "cvUnit" : "per mil PDB",
          "cvSeasonality" : null,
          "cvDetail" : "averaged",
          "cvMethod" : null,
          "cvAdditionalInfo" : null,
          "cvFormat" : "Numeric",
          "cvShortName" : null
        }, {
          "cvDataType" : "PALEOCEANOGRAPHY",
          "cvWhat" : "chemical composition>element or compound ratio>cadmium/calcium",
          "cvMaterial" : "biological material>organism>foraminifer>benthic foraminifer>calcareous benthic foraminifer>Cibicidoides sp.|biological material>organism>foraminifer>benthic foraminifer>calcareous benthic foraminifer>Nuttallides sp.>Nuttallides umbonifera|biological material>organism>foraminifer>benthic foraminifer>calcareous benthic foraminifer>Uvigerina sp.",
          "cvError" : null,
          "cvUnit" : "dimensionless",
          "cvSeasonality" : null,
          "cvDetail" : "averaged",
          "cvMethod" : null,
          "cvAdditionalInfo" : null,
          "cvFormat" : "Numeric",
          "cvShortName" : null
        }, {
          "cvDataType" : "PALEOCEANOGRAPHY",
          "cvWhat" : "chemical composition>element or compound ratio>cadmium/calcium",
          "cvMaterial" : "biological material>organism>foraminifer>benthic foraminifer>calcareous benthic foraminifer>Uvigerina sp.",
          "cvError" : null,
          "cvUnit" : "dimensionless",
          "cvSeasonality" : null,
          "cvDetail" : "averaged",
          "cvMethod" : null,
          "cvAdditionalInfo" : null,
          "cvFormat" : "Numeric",
          "cvShortName" : null
        }, {
          "cvDataType" : "PALEOCEANOGRAPHY",
          "cvWhat" : "age variable>age",
          "cvMaterial" : null,
          "cvError" : null,
          "cvUnit" : "calendar year before present",
          "cvSeasonality" : null,
          "cvDetail" : null,
          "cvMethod" : null,
          "cvAdditionalInfo" : null,
          "cvFormat" : "Numeric",
          "cvShortName" : null
        }, {
          "cvDataType" : "PALEOCEANOGRAPHY",
          "cvWhat" : "chemical composition>isotope>isotope ratio>delta 13C",
          "cvMaterial" : "biological material>organism>foraminifer>benthic foraminifer>calcareous benthic foraminifer>Nuttallides sp.>Nuttallides umbonifera",
          "cvError" : null,
          "cvUnit" : "per mil PDB",
          "cvSeasonality" : null,
          "cvDetail" : "averaged|composited",
          "cvMethod" : null,
          "cvAdditionalInfo" : null,
          "cvFormat" : "Numeric",
          "cvShortName" : null
        } ],
        "NOAAKeywords" : [ "earth science>paleoclimate>paleocean>geochemistry", "earth science>paleoclimate>paleocean>carbon isotopes" ]
      }, {
        "fileUrl" : "https://www1.ncdc.noaa.gov/pub/data/paleo/contributions_by_author/keigwin2000/keigwin2000.xls",
        "urlDescription" : "Original Data and Full Metadata",
        "linkText" : "keigwin2000.xls",
        "variables" : [ ],
        "NOAAKeywords" : [ "earth science>paleoclimate>paleocean>carbon isotopes", "earth science>paleoclimate>paleocean>geochemistry" ]
      } ]
    } ]
  } ]
}