{
  "xmlId" : "2535",
  "NOAAStudyId" : "5857",
  "studyName" : "Hagen and Keigwin 2002 Blake Outer Ridge Stable Isotope and Carbonate Data",
  "doi" : null,
  "dataPublisher" : "NOAA",
  "contactInfo" : {
    "type" : "CONTACT INFORMATION",
    "shortName" : "DOC/NOAA/NESDIS/NCEI",
    "longName" : "National Centers for Environmental Information, NESDIS, NOAA, U.S. Department of Commerce ",
    "address" : "325 Broadway, E/NE31",
    "city" : "Boulder",
    "state" : "CO",
    "postalCode" : "80305-3328",
    "country" : "USA",
    "dataCenterUrl" : "https://www.ncdc.noaa.gov/data-access/paleoclimatology-data",
    "email" : "paleo@noaa.gov",
    "phone" : "303-497-6280",
    "fax" : "303-497-6513",
    "constraints" : "Please cite original publication, online resource, dataset and publication DOIs (where available), and date accessed when using downloaded data. If there is no publication information, please cite investigator, title, online resource, and date accessed. The appearance of external links associated with a dataset does not constitute endorsement by the Department of Commerce/National Oceanic and Atmospheric Administration of external Web sites or the information, products or services contained therein. For other than authorized activities, the Department of Commerce/NOAA does not exercise any editorial control over the information you may find at these locations. These links are provided consistent with the stated purpose of this Department of Commerce/NOAA Web site."
  },
  "dataType" : "PALEOCEANOGRAPHY",
  "investigators" : "Hagen, S.; Keigwin, L.D.",
  "version" : "1.0",
  "funding" : [ ],
  "studyNotes" : null,
  "onlineResourceLink" : "https://www.ncdc.noaa.gov/paleo/study/5857",
  "difMetadataLink" : "http://www1.ncdc.noaa.gov/pub/data/metadata/published/paleo/dif/xml/noaa-ocean-5857.xml",
  "originalSource" : null,
  "dataTypeInformation" : "https://www.ncdc.noaa.gov/data-access/paleoclimatology-data/datasets/paleoceanography",
  "studyCode" : null,
  "scienceKeywords" : null,
  "reconstruction" : "N",
  "contributionDate" : "2005-03-15",
  "entryId" : "noaa-ocean-5857",
  "earliestYearBP" : 87000,
  "mostRecentYearBP" : 12000,
  "earliestYearCE" : -85050,
  "mostRecentYearCE" : -10050,
  "publication" : [ ],
  "site" : [ {
    "NOAASiteId" : "57071",
    "siteName" : "KNR140-2JPC-37",
    "mappable" : "Y",
    "locationName" : "Ocean>Atlantic Ocean>North Atlantic Ocean",
    "geo" : {
      "geoType" : "Feature",
      "geometry" : {
        "type" : "POINT",
        "coordinates" : [ "31.69025", "-75.430117" ]
      },
      "properties" : {
        "southernmostLatitude" : "31.69025",
        "northernmostLatitude" : "31.69025",
        "westernmostLongitude" : "-75.430117",
        "easternmostLongitude" : "-75.430117",
        "minElevationMeters" : "-3000",
        "maxElevationMeters" : "-3000"
      }
    },
    "paleoData" : [ {
      "dataTableName" : "KNR140-2JPC-37 SST Hagen02",
      "NOAADataTableId" : "32683",
      "earliestYear" : 87000,
      "mostRecentYear" : 12000,
      "timeUnit" : "cal yr BP",
      "earliestYearBP" : 87000,
      "mostRecentYearBP" : 12000,
      "earliestYearCE" : -85050,
      "mostRecentYearCE" : -10050,
      "coreLengthMeters" : null,
      "dataTableNotes" : null,
      "species" : [ ],
      "dataFile" : [ {
        "fileUrl" : "https://www1.ncdc.noaa.gov/pub/data/paleo/contributions_by_author/hagen2002/hagen2002.txt",
        "urlDescription" : "Original Data and Full Metadata",
        "linkText" : "hagen2002.txt",
        "variables" : [ {
          "cvDataType" : "PALEOCEANOGRAPHY",
          "cvWhat" : "chemical composition>isotope>isotope ratio>delta 18O",
          "cvMaterial" : "biological material>organism>foraminifer>planktic foraminifer>Globigerinoides sp.>Globigerinoides ruber",
          "cvError" : null,
          "cvUnit" : "per mil",
          "cvSeasonality" : null,
          "cvDetail" : "averaged",
          "cvMethod" : null,
          "cvAdditionalInfo" : null,
          "cvFormat" : "Numeric",
          "cvShortName" : null
        }, {
          "cvDataType" : "PALEOCEANOGRAPHY",
          "cvWhat" : "chemical composition>isotope>isotope ratio>delta 13C",
          "cvMaterial" : "biological material>organism>foraminifer>planktic foraminifer>Globigerinoides sp.>Globigerinoides ruber",
          "cvError" : null,
          "cvUnit" : "per mil",
          "cvSeasonality" : null,
          "cvDetail" : "averaged",
          "cvMethod" : null,
          "cvAdditionalInfo" : null,
          "cvFormat" : "Numeric",
          "cvShortName" : null
        }, {
          "cvDataType" : "PALEOCEANOGRAPHY",
          "cvWhat" : "sampling metadata>notes",
          "cvMaterial" : null,
          "cvError" : null,
          "cvUnit" : null,
          "cvSeasonality" : null,
          "cvDetail" : null,
          "cvMethod" : null,
          "cvAdditionalInfo" : "forams sampled",
          "cvFormat" : "Numeric",
          "cvShortName" : null
        }, {
          "cvDataType" : "PALEOCEANOGRAPHY",
          "cvWhat" : "chemical composition>isotope>isotope ratio>delta 18O",
          "cvMaterial" : "biological material>organism>foraminifer>benthic foraminifer>calcareous benthic foraminifer>Cibicidoides sp.>Cibicidoides wuellerstorfi",
          "cvError" : null,
          "cvUnit" : "per mil",
          "cvSeasonality" : null,
          "cvDetail" : "averaged",
          "cvMethod" : null,
          "cvAdditionalInfo" : null,
          "cvFormat" : "Numeric",
          "cvShortName" : null
        }, {
          "cvDataType" : "PALEOCEANOGRAPHY",
          "cvWhat" : "chemical composition>isotope>isotope ratio>delta 13C",
          "cvMaterial" : "biological material>organism>foraminifer>benthic foraminifer>calcareous benthic foraminifer>Cibicidoides sp.>Cibicidoides wuellerstorfi",
          "cvError" : null,
          "cvUnit" : "per mil",
          "cvSeasonality" : null,
          "cvDetail" : "averaged",
          "cvMethod" : null,
          "cvAdditionalInfo" : null,
          "cvFormat" : "Numeric",
          "cvShortName" : null
        }, {
          "cvDataType" : "PALEOCEANOGRAPHY",
          "cvWhat" : "chemical composition>isotope>isotope ratio>delta 18O",
          "cvMaterial" : "biological material>organism>foraminifer>benthic foraminifer>calcareous benthic foraminifer>Uvigerina sp.",
          "cvError" : null,
          "cvUnit" : "per mil",
          "cvSeasonality" : null,
          "cvDetail" : null,
          "cvMethod" : null,
          "cvAdditionalInfo" : null,
          "cvFormat" : "Numeric",
          "cvShortName" : null
        }, {
          "cvDataType" : "PALEOCEANOGRAPHY",
          "cvWhat" : "geological material>identified mineral>carbonate",
          "cvMaterial" : "geological material>bulk geological material>sediment",
          "cvError" : null,
          "cvUnit" : "percent",
          "cvSeasonality" : null,
          "cvDetail" : null,
          "cvMethod" : null,
          "cvAdditionalInfo" : null,
          "cvFormat" : "Numeric",
          "cvShortName" : null
        }, {
          "cvDataType" : "PALEOCEANOGRAPHY",
          "cvWhat" : "chemical composition>isotope>isotope ratio>delta 13C",
          "cvMaterial" : "biological material>organism>foraminifer>benthic foraminifer>calcareous benthic foraminifer>Uvigerina sp.",
          "cvError" : null,
          "cvUnit" : "per mil",
          "cvSeasonality" : null,
          "cvDetail" : null,
          "cvMethod" : null,
          "cvAdditionalInfo" : null,
          "cvFormat" : "Numeric",
          "cvShortName" : null
        } ],
        "NOAAKeywords" : [ "earth science>paleoclimate>paleocean" ]
      } ]
    } ]
  } ]
}