Sample ID 1,Sample ID 2,Inj,Ala,Gly,Thr,Ser,Val,Leu,Ile,Nle,Pro,Asp,Met,Glu,Phe,Tyr,Lys,Arg,His
FCB,GOM 7.5,1,17.787,11.542,-27.475,11.466,21.757,22.546,21.328,7.442,24.76,12.859,,17.155,,,2.246,6.649,5.834
FCB,GOM 7.5,2,17.965,11.563,-29.645,10.118,23.172,22.33,20.218,7.319,24.204,13.139,,18.07,,,1.563,3.34,6.429
FCB,GOM 7.5,3,19.219,12.184,-12.887,11.734,20.143,23.141,22.778,6.483,25.967,14.057,,17.934,6.574,1.225,16.02,5.308,0.344
FCB,GOM 7.5,4,19.152,11.982,-8.521,12.902,20.819,23.532,23.295,6.57,25.879,14.06,,17.822,5.64,0.237,13.008,6.297,-0.207
FCB,GOM 7.6,1,18.182,11.37,-28.644,11.589,24.071,21.557,20.825,7.364,25.494,12.851,,17.197,,,5.234,3.838,6.104
FCB,GOM 7.6,2,18.101,11.434,-29.277,10.38,23.216,21.414,21.61,7.256,25.003,13.333,,16.774,,,5.759,3.924,6.111
FCB,GOM 7.6,3,18.538,12.238,-8.545,11.446,19.777,23.581,22.677,5.695,25.915,14.221,,18.039,5.756,1.587,6.87,,
FCB,GOM 7.6,4,17.423,12.29,-9.506,12.937,20.844,22.795,24.355,5.709,25.513,14.077,,18.257,5.06,1.576,,,
FCB,GOM 7.7,1,17.897,11.262,-27.908,10.504,21.846,21.328,19.651,7.382,24.69,13.407,,17.305,,,5.52,3.266,6.307
FCB,GOM 7.7,2,17.801,11.164,-29.223,10.672,22.933,21.341,20.771,6.225,25.632,13.195,,17.357,,,6.709,4.997,6.756
FCB,GOM 7.7,3,18.323,11.673,-12.708,11.323,19.994,22.622,22.658,5.709,26.103,14.699,,18.074,4.762,,,,
FCB,GOM 7.7,4,18.711,11.117,-7.624,13.225,20.607,22.841,22.154,5.744,25.911,14.692,,17.815,5.17,5.404,2.231,,
FCB,GOM 7.8,1,19.271,11.372,-30.439,11.454,24.292,22.573,22.192,7.074,25.652,13.803,,17.999,,,6.495,4.393,7.747
FCB,GOM 7.8,2,19.301,11.61,-30.048,12.116,24.287,22.789,21.843,7.772,25.661,13.199,,19.834,,,8.571,4.357,6.984
FCB,GOM 1-1,1,22.148,13.59,-31.205,14.142,27.984,25.753,24.175,6.377,29.341,15.878,,17.142,,6.925,-0.422,0.856,
FCB,GOM 1-1,2,22.308,14.028,-28.06,13.979,26.913,25.538,23.902,6.372,29.286,15.966,,18.852,,6.256,0.905,1.116,
FCB,GOM 1-1,3,21.864,13.578,-29.271,13.366,27.148,24.622,23.359,5.499,28.576,15.983,,17.578,,5.089,1.387,0.215,
FCB,GOM 1-1,4,23.871,15.318,,14.787,23.786,25.698,27.1,11.663,29.048,16.447,9.566,23.166,,8.932,8.555,9.363,3.383
FCB,GOM 1-1,5,21.254,14.301,,15.163,28.357,,25.793,7.951,22.051,14.093,6.404,18.948,4.23,,,7.346,8.334
FCB,GOM 1-1,6,21.856,14.458,,19.793,26.225,24.53,24.037,6.635,26.703,13.801,9.812,17.63,4.72,,5.05,7.274,7.429
FCB,GOM 1-2,1,20.711,10.793,-35.403,11.951,24.415,23.835,21.773,4.465,28.829,15.406,,15.286,,6.044,-6.962,,
FCB,GOM 1-2,2,19.924,10.826,-33.343,12.708,24.103,24.602,20.721,5.871,29.806,15.392,,17.085,,6.233,-8.736,,
FCB,GOM 1-2,3,20.678,,,,,,,,,,,,,,,,
FCB,GOM 1-2,4,22.221,13.71,-31.773,13.935,26.381,26.276,22.623,9.049,31.95,17.476,,18.211,,8.042,-0.026,,
FCB,GOM 1-2,5,24.324,14.787,-12.045,12.463,24.85,27.368,26.406,9.806,29.836,18.4,13.532,23.239,11.841,9.909,6.784,6.218,
FCB,GOM 1-2,6,25.15,14.806,-10.283,13.416,23.211,26.644,26.296,9.056,29.77,18.638,12.314,23.652,8.541,9.838,7.464,3.035,
FCB,GOM 1-2,7,25.531,15.172,-10.363,17.786,32.392,27.208,27.134,9.135,30.35,18.898,16.58,23.64,10.949,10.168,7.492,0.202,
FCB,GOM 1-2,8,26.64,16.679,-4.997,11.712,23.009,26.625,29.231,8.125,30.456,18.946,10.504,23.607,11.017,9.983,9.159,11.866,0.962
FCB,GOM 1-2,9,26.117,16.573,9.086,17.4,25.583,26.868,29.999,7.591,29.922,18.957,12.962,23.772,11.933,9.927,9.604,11.693,2.422
FCB,GOM 1-3,1,20.719,12.194,-28.832,12.222,25.648,24.64,21.019,7.135,27.488,14.898,,19.799,,5.689,-2.027,6.016,
FCB,GOM 1-3,2,21.352,12.506,-28.836,12.624,26.118,25.209,23.85,7.846,28.655,15.859,,19.184,,6.826,-1.438,4.95,
FCB,GOM 1-3,3,21.87,13.302,-4.478,12.648,23.338,25.036,26.632,6.374,27.953,15.536,11.008,20.615,10.742,7.402,6.818,7.957,6.396
FCB,GOM 1-3,4,22.482,13.317,-9.404,12.74,23.591,24.872,25.181,5.917,27.916,16.194,10.695,20.773,9.719,7.069,7.749,9.436,4.182
FCB,GOM 1-4,1,21.616,12.897,-29.39,11.849,26.377,25.632,22.424,7.951,28.278,15.246,5.13,16.698,,7.192,-1.877,10.25,
FCB,GOM 1-4,2,21.914,13.304,-27.912,13.591,27.373,25.712,23.027,7.065,29.885,16.439,7.052,20.622,,6.024,0.141,5.439,
FCB,GOM 1-4,3,22.577,14.099,,,,25.009,26.138,6.864,27.527,15.489,11.569,19.964,9.175,6.432,6.877,,
FCB,GOM 1-4,4,22.571,13.69,-13.426,15.967,27.846,26.29,25.937,7.449,28.943,15.969,11.577,21.52,11.864,5.518,8.289,8.478,5.437
FCB,GOM 1-5,1,21.423,13.33,-24.593,13.164,24.871,24.641,20.75,7.804,28.304,16.164,,20.176,,6.599,2.962,,
FCB,GOM 1-5,2,21.522,13.446,-26.115,12.819,25.484,24.742,22.478,8.504,28.536,16.977,,19.409,,6.754,2.539,,
FCB,GOM 1-5,3,23.757,16.145,,,,26.775,23.283,7.449,28.667,17.561,12.175,23.45,10.126,8.685,5.89,11.041,2.832
FCB,GOM 1-5,4,23.349,14.868,-1.117,14.486,23.372,26.281,25.2,5.126,26.93,16.47,11.931,22.214,10.869,,8.197,9.212,6.714
FCB,GOM 1-5,5,23.076,14.881,,17.976,26.222,26.897,24.986,7.713,28.021,16.153,11.988,22.033,13.648,,8.263,,
FCB,GOM 1-6,1,21.725,12.815,-30.296,13.768,24.599,25.934,23.883,9.189,28.492,15.705,9.93,18.002,,1.932,7.396,-0.122,
FCB,GOM 1-6,2,21.203,11.029,-30.622,11.707,26.858,25.251,24.041,7.907,29.785,15.93,12.995,18.989,,3.873,6.944,5.776,
FCB,GOM 1-6,3,25.112,15.8,,,,27.407,30.811,9.979,30.315,17.961,12.871,23.731,9.952,10.675,5.699,,
FCB,GOM 1-6,4,23.67,13.255,-6.222,16.43,27.74,26.281,25.347,7.535,28.94,17.031,13.189,21.701,16.381,10.842,8.016,,
FCB,GOM 1-6,5,23.104,13.606,-3.027,14.415,24.566,25.841,24.662,6.587,29.096,16.694,10.479,22.174,13.598,8.936,6.721,9.745,9.155
FCB,GOM 1-7,1,21.869,9.52,,,,23.831,25.774,4.092,,,,,,,,,
FCB,GOM 1-7,2,,,,11.545,,,21.53,7.794,,,,,,,,,
FCB,GOM 1-7,3,22.294,10.813,-46.017,11.54,28.476,25.528,22.146,5.7,30.74,17.377,,20.257,,3.095,0.211,,
FCB,GOM 1-7,4,21.551,11.285,-42.136,13.43,26.5,24.262,22.277,8.018,29.173,16.945,,19.271,,5.349,5.244,,
FCB,GOM 1-8,1,19.765,12.383,-31.231,12.497,24.467,23.987,23.698,7.664,28.045,15.627,,16.573,,6.478,6.234,,
FCB,GOM 1-8,2,20.431,12.176,-30.861,11.34,24.297,23.566,23.348,7.837,27.63,16.286,,17.788,,5.776,2.816,,
FCB,GOM 1-8,3,23.699,14.858,,,,,25.502,6.323,29.457,15.891,10.814,22.274,10.296,8.053,7.455,,
FCB,GOM 1-8,4,,,,,,,25.291,5.704,28.549,16.588,8.697,21.691,12.266,8.828,9.016,,
FCB,GOM 1-8,5,24.061,15.43,-2.87,16.831,24.647,27.251,29.874,7.87,29.11,16.595,11.528,21.565,8.242,8.689,8.318,,
FCB,GOM 1-8,6,21.735,13.132,-5.56,13.881,22.419,25.839,24.052,6.065,28.714,14.988,11.929,20.73,8.208,8.167,7.25,8.425,5.514
FCB,GOM 1-8,7,22.452,13.392,-2.751,,,,,8.211,29.439,15.695,12.944,21.187,13.217,10.237,9.279,,
FCB,GOM 1-9,1,20.663,10.781,-29.043,10.931,25.483,23.631,22.833,7.809,26.924,14.666,,,,,0.523,,
FCB,GOM 1-9,2,20.647,10.501,-28.875,13.519,24.382,23.966,22.537,7.724,27.952,16.128,,,,6.662,5.731,,
FCB,GOM 1-9,3,22.601,,,,,26.495,23.074,8.494,29.172,15.79,11.578,22.673,10.142,7.894,4.899,,
FCB,GOM 1-9,4,23.467,,,,,,,,27.758,16.14,12.224,21.915,,8.261,6.471,,
FCB,GOM 1-9,5,24.466,,,15.688,24.107,26.658,,8.076,28.576,16.564,10.478,21.448,12.929,8.365,8.145,,
FCB,GOM 1-9,6,22.053,12.983,-11.567,15.533,26.138,25.91,24.447,6.582,28.717,15.747,10.75,21.066,13.737,7.196,9.132,9.75,4.317
FCB,POM 6,1,12.41,,,,,,,,,,,,,,,,
FCB,POM 6,2,7.697,,-16.103,-3.083,9.689,4.656,6.735,,13.331,15.492,,7.949,0.892,,,,
FCB,POM 6,3,16.995,-2.179,-6.866,3.771,14.057,13.055,11.483,,14.267,13.571,,12.581,2.439,,,,
FCB,POM 6,4,13.082,-4.238,-8.923,3.276,11.646,10.378,7.323,,8.23,14.108,,15.559,3.934,,,,
FCB,POM 6,5,15.804,-3.54,-8.934,0.997,10.474,11.06,8.515,,12.631,8.507,,10.272,1.997,,-27.561,,
FCB,POM 6,6,15.566,-2.771,-7.382,4.35,14.186,10.758,7.117,,14.884,9.647,,9.602,1.44,,,,
FCB,POM 6,7,15.347,-0.108,-9.201,2.36,15.519,9.709,8.533,,12.77,10.915,,11.381,1.101,,,,
