Coral ID,Sample No.,Ala,Gly,Thr,Ser,Val,Leu,Ile,Nle,Pro,Asp,Glu,Phe,Tyr,Lys,Ala Mol%,Gly Mol%,Thr Mol%,Ser Mol% ,Val Mol%,Leu Mol%,Ile Mol%,Pro Mol%,Asp Mol%,Glu Mol%,Phe Mol%,Tyr Mol%,Lys Mol%,Ala Norm,Gly Norm,Thr Norm,Ser Norm,Val Norm,Leu Norm,Ile Norm,Pro Norm,Asp Norm,Glu Norm,Phe Norm,Lys Norm,Ala.sd,Gly.sd,Thr.sd,Ser.sd,Val.sd,Leu.sd,Ile.sd,Pro.sd,Asp.sd,Glu.sd,Phe.sd,Tyr.sd,Lys.sd
STET-4904,7,-14.98719298,2.082298851,-7.448888889,0.981728395,-15.39253333,-25.17212121,-12.16363636,-26.92024242,-16.408,-13.6789899,-8.459122807,-19.62375,-20.44510417,-15.38043478,11.82838352,40.73365811,2.818844884,4.150480711,2.649396946,6.293200457,3.052257779,3.567545857,5.726201457,3.504496627,0.235595241,10.31345605,5.126482364,0.876367781,17.94585961,8.414671875,16.84528916,0.47102743,-9.308560449,3.6999244,-0.544439237,2.184570864,7.404437956,-3.760189237,0.483125981,0.23128842,0.144945967,0.464337521,0.378875089,0.245392203,1.413035857,0.769157981,0.433851357,0.108840862,0.465516201,0.524566202,0.529534072,1.038670785
STET-4904,22,-13.50789474,2.99137931,-4.63030303,0.794259259,-15.4695,-24.13027273,-12.30972727,-29.09436364,-15.9941,-11.84636364,-9.432894737,-19.5878125,-20.63619792,-18.43858696,11.01167854,38.88395868,2.601118659,4.048626893,2.966196724,6.267307009,3.543489611,3.750790764,6.003898794,3.622727977,0.342956174,10.39661455,6.560635631,2.253139011,18.75241306,11.13073072,16.55529301,0.291533748,-8.369238979,3.451306475,-0.233066252,3.914670111,6.328139011,-3.826778752,-2.677553209,0.146371104,0.029698485,0.249251546,0.280995018,0.623519045,0.872433837,0.864067301,0.940121641,0.303673674,0.272627035,0.608462571,0.868931144,3.719079053
STET-4904,40,-13.95368421,0.126896552,-0.22030303,-1.269814815,-15.8972,-21.78145455,-15.01718182,-28.27427273,-12.2412,-11.95151515,-11.20473684,-21.79773438,-17.77070313,-21.9057971,11.45041511,33.99308205,2.765648065,3.7092554,2.763572097,6.006688695,3.225563895,3.269479099,5.224603442,3.688250459,0.280590127,18.28446344,5.338388123,2.149594268,16.23017503,15.88297545,14.83346366,0.206078478,-5.678176067,1.08609666,3.862078478,4.151763327,4.898541636,-5.694455897,-5.802518623,0.261057082,0.198923855,0.542245516,0.319746462,0.478381438,0.93274927,0.596966247,0.362157839,0.312606782,0.267748389,0.389716179,1.049763307,1.744064601
STET-4904,109,-13.1625,1.179310345,-4.384090909,-1.930555556,-16.111,-20.85327273,-12.11090909,-28.88881818,-12.9366,-11.74015152,-10.97644737,-19.11101563,-19.24828125,-25.32630435,15.07753684,35.62722244,3.362422047,3.976824789,2.937596507,7.036888387,2.913959629,3.659900933,5.565684696,3.443040366,0.215718822,11.82221907,4.360985474,3.153598783,17.49540913,11.93200787,14.38554323,0.205098783,-4.537173944,4.205189692,3.379498783,4.575947268,5.339651415,-2.794916842,-9.010205564,0.495640327,0.169906592,0.342196216,0.344080659,0.525484538,0.362132158,0.75684873,0.697195238,0.220179472,0.352660176,0.418127612,0.490440618,4.15044588
STET-4904,8,-15.675,-1.381609195,-1.86,2.024320988,-16.7094,-24.69012121,-16.82006061,-29.34769697,-14.86046667,-16.72686869,-12.31964912,-21.99635417,-23.959375,-16.22210145,14.07178182,38.43878617,2.916958,3.476613477,2.723108315,6.290900996,2.916867587,3.941254291,5.378722036,3.544449779,0.171193324,12.70418828,5.17435797,,,,,,,,,,,,0.258353118,0.033126022,0.427078096,1.092662482,0.257534852,0.437600617,1.157630641,0.657861156,0.212685684,0.301650791,0.930172833,0.557581384,2.638539432,
STET-4904,25,-15.10635965,-1.073275862,-5.781666667,-1.11,-16.2707,-22.14718182,-9.529454545,-29.38618182,-14.0723,-14.61030303,-10.03,-22.74703125,-18.78429688,-18.09086957,11.73757593,39.19380609,2.815212648,3.945172365,2.234923802,6.157713435,2.613779121,3.758282657,5.566360109,3.669527042,0.234824207,13.07271734,5.000105242,,,,,,,,,,,,0.080326417,0.06977822,0.172315699,0.369873222,0.826330624,0.468578382,1.14962807,0.675279794,0.277810727,0.382683028,0.793117141,0.508634151,2.449995653,
STET-4904,46,-16.46885965,-2.486781609,1.686868687,6.556790123,-16.71183333,-26.37863636,-12.1580303,-30.41,-12.01583333,-16.84949495,-10.31864035,-20.35703125,-18.12408854,-23.12282609,12.52402788,37.17219542,2.823356894,3.365012879,2.623370273,6.398566511,2.310703515,3.651146438,5.929444327,3.503158071,0.209090384,13.00030213,6.489625278,,,,,,,,,,,,0.425696292,0.436360325,0.479538667,0.342702981,0.782080132,0.296170559,1.216959462,0.643284022,0.424382296,0.356906617,1.139088012,1.586357568,2.690633383,
STET-4904,103,-14.99561404,-1.52183908,-4.58030303,-0.933703704,-20.4692,-22.838,-12.47327273,-28.67127273,-13.0242,-13.0080303,-9.905526316,-21.56085938,-20.03255208,-24.44275362,12.4068009,37.40240115,2.87233859,3.820435654,2.544436264,6.236561926,2.83789171,3.416513898,5.276173504,3.677466848,0.212807935,13.54753687,5.74863475,,,,,,,,,,,,0.178029024,0.031770007,1.559915703,0.5959281,0.427503567,0.322790644,1.190478769,0.820997442,0.355918951,0.133305289,0.889547188,0.398236529,1.726085262,
STET-4904,135,-13.61789474,0.191034483,-5.63030303,-4.400740741,-16.7924,-24.69854545,-14.97745455,-28.75745455,-12.8256,-15.20787879,-10.23736842,-22.3625,-19.09177083,-19.23550725,13.1171823,32.611069,3.173325285,3.896461979,2.642948862,6.192352417,3.061787927,3.520016182,5.707494343,3.331004081,0.165836413,16.13174753,5.750904549,,,,,,,,,,,,0.146058208,0.161037263,0.316059646,1.281088014,0.324509322,0.351689494,0.985235606,1.216670539,0.327342787,0.278516247,0.876956954,2.549993203,3.065273289,
STET-4904,170,-18.26140351,-1.752586207,-0.651767677,6.821296296,-16.37183333,-25.73015152,-8.972878788,-29.44212121,-11.99516667,-13.75833333,-10.20219298,-21.98804688,-19.82239583,-14.98297101,13.5681578,34.99947962,3.23721563,4.053519823,2.982349031,6.403630732,2.910160998,3.391165047,6.434469011,3.638078335,0.21638727,9.670187699,5.85136059,,,,,,,,,,,,0.413901357,0.153844077,0.31225844,1.257112167,0.106968843,0.380643315,0.257917299,0.453576895,0.237703597,0.209019935,0.807509938,1.696938812,4.224525338,
